,MARS,known_types,seq_batch,seq_depth,Rh50,Fs,heph
ORNcell_24h_ElavCD8GFP_P3_O20,0,DA1,Plate #7,1306122,0,0,4.560427
ORNcell_24h_ElavCD8GFP_P3_B4,0,DA1,Plate #3,852334,0,0,0
ORNcell_24h_ElavCD8GFP_P1_A17,0,DA1,Plate #1,189544,0,0,0
ORNcell_24h_ElavCD8GFP_P7_A302,0,DA1,Plate #1,899497,0,0,9.169282
ORNcell_24h_ElavCD8GFP_P4_A271,0,DA1,Plate #3,927011,0,0,0
ORNcell_24h_ElavCD8GFP_P2_C17,0,DA1,Plate #5,1278406,0,0,0
ORNcell_24h_ElavCD8GFP_P1_M3,0,DA1,Plate #4,67469,0,0,0
ORNcell_24h_ElavCD8GFP_P2_A1,0,DA1,Plate #5,2280766,0,0,0
ORNcell_24h_ElavCD8GFP_P2_C4,0,DA1,Plate #7,579204,0,0,1.2220595
ORNcell_24h_ElavCD8GFP_P1_L24,0,DA1,Plate #6,293135,0,0,5.065448
ORNcell_24h_ElavCD8GFP_P2_P8,0,DA1,Plate #3,326162,0,0,0
ORNcell_24h_ElavCD8GFP_P7_A52,0,DA1,Plate #2,319493,0,0,0
ORNcell_24h_ElavCD8GFP_P4_A61,0,DA1,Plate #1,213562,0,0,9.25834
ORNcell_24h_ElavCD8GFP_P3_C18,0,DA1,Plate #1,1256512,0,0,9.543402
ORNcell_24h_ElavCD8GFP_P5_A104,0,DA1,Plate #4,1052534,0,0,11.349109
ORNcell_24h_ElavCD8GFP_P2_B21,0,DA1,Plate #7,318800,0,0,10.857837
ORNcell_24h_ElavCD8GFP_P1_C4,0,DA1,Plate #1,447431,0,0,5.6004624
ORNcell_24h_ElavCD8GFP_P5_A225,0,DA1,Plate #1,870252,0,4.8946686,7.438638
ORNcell_24h_ElavCD8GFP_P4_A138,0,DA1,Plate #3,680998,0,0,0
ORNcell_24h_ElavCD8GFP_P4_A46,0,DA1,Plate #1,139917,0,0,9.594095
ORNcell_24h_ElavCD8GFP_P6_A2,0,DA1,Plate #2,560498,0,0,0
ORNcell_24h_ElavCD8GFP_P7_A73,0,DA1,Plate #3,921729,0,0,0
ORNcell_24h_ElavCD8GFP_P7_A157,0,DA1,Plate #4,768592,0,0,0
ORNcell_24h_ElavCD8GFP_P2_L22,0,DA1,Plate #7,1569444,0,0,6.8147264
ORNcell_24h_ElavCD8GFP_P2_F23,0,DA1,Plate #1,198713,0,0,2.4783201
ORNcell_24h_ElavCD8GFP_P6_A173,0,DA1,Plate #4,338459,0,0,0
ORNcell_24h_ElavCD8GFP_P4_A250,1,VA2,Plate #2,752939,0,0,9.909398
ORNcell_24h_ElavCD8GFP_P2_O2,1,VA2,Plate #2,131147,0,0,0
ORNcell_24h_ElavCD8GFP_P3_B15,1,VA2,Plate #2,1488549,0,0,7.695516
ORNcell_24h_ElavCD8GFP_P6_A247,1,NaN,Plate #1,742088,0,0,7.57823
ORNcell_24h_ElavCD8GFP_P1_O6,1,VA2,Plate #5,754265,0,0,8.413418
ORNcell_24h_ElavCD8GFP_P3_M8,1,VA2,Plate #2,51892,0,0,0
ORNcell_24h_ElavCD8GFP_P2_O13,1,NaN,Plate #3,687250,0,0,0
ORNcell_24h_ElavCD8GFP_P3_K9,1,VA2,Plate #3,1008706,0,0,9.672737
ORNcell_24h_ElavCD8GFP_P7_A278,1,VA2,Plate #2,352720,0,0,0
ORNcell_24h_ElavCD8GFP_P6_A219,1,VA2,Plate #2,417770,0,0,0
ORNcell_24h_ElavCD8GFP_P1_K6,1,VA2,Plate #3,1056262,0,0,0
ORNcell_24h_ElavCD8GFP_P1_D4,1,VA2,Plate #5,2198264,0,0,0
ORNcell_24h_ElavCD8GFP_P7_A18,1,VA2,Plate #7,1002416,0,0,11.608841
ORNcell_24h_ElavCD8GFP_P2_B12,1,VL1,Plate #4,1281606,0,0,0
ORNcell_24h_ElavCD8GFP_P2_M4,1,VA2,Plate #7,1362904,0,0,8.48019
ORNcell_24h_ElavCD8GFP_P4_A304,1,VA2,Plate #5,2148156,0,0,0
ORNcell_24h_ElavCD8GFP_P6_A339,1,VA2,Plate #5,959887,0,0,7.42676
ORNcell_24h_ElavCD8GFP_P3_E22,1,VA2,Plate #2,72685,0,0,12.239381
ORNcell_24h_ElavCD8GFP_P2_H7,1,VA2,Plate #5,1318276,0,0,11.250244
ORNcell_24h_ElavCD8GFP_P1_K1,1,NaN,Plate #6,2647905,0,0,0
ORNcell_24h_ElavCD8GFP_P7_A69,1,NaN,Plate #1,717636,0,0,7.9085155
ORNcell_24h_ElavCD8GFP_P6_A218,1,NaN,Plate #5,1671190,9.911493,0,0
ORNcell_24h_ElavCD8GFP_P3_O24,1,VA2,Plate #6,357743,0,0,9.737155
ORNcell_24h_ElavCD8GFP_P6_A279,1,NaN,Plate #2,245791,0,0,0
ORNcell_24h_ElavCD8GFP_P1_B23,1,VA2,Plate #4,1506136,0,0,8.865691
ORNcell_24h_ElavCD8GFP_P4_A153,1,NaN,Plate #3,1094818,0,0,0
ORNcell_24h_ElavCD8GFP_P1_J8,1,NaN,Plate #1,322548,0,0,9.733958
ORNcell_24h_ElavCD8GFP_P3_N23,1,VA2,Plate #1,632072,0,0,7.802175
ORNcell_24h_ElavCD8GFP_P6_A146,1,VA2,Plate #4,959094,0,0,0
ORNcell_24h_ElavCD8GFP_P3_B20,2,VL1,Plate #1,787719,0,0,10.90262
ORNcell_24h_ElavCD8GFP_P5_A56,2,NaN,Plate #6,1061397,0,0,8.229691
ORNcell_24h_ElavCD8GFP_P4_A296,2,NaN,Plate #1,611360,0,0,0
ORNcell_24h_ElavCD8GFP_P7_A193,2,VL1,Plate #2,83035,0,0,0
ORNcell_24h_ElavCD8GFP_P4_A145,2,VL1,Plate #7,848608,0,0,10.122147
ORNcell_24h_ElavCD8GFP_P7_A116,2,NaN,Plate #4,176050,0,0,0
ORNcell_24h_ElavCD8GFP_P1_L9,2,VL1,Plate #3,168395,0,0,12.081267
ORNcell_24h_ElavCD8GFP_P7_A259,2,VL1,Plate #7,640149,0,0,7.7861657
ORNcell_24h_ElavCD8GFP_P1_K3,2,VL1,Plate #7,185880,0,0,11.073381
ORNcell_24h_ElavCD8GFP_P2_H17,2,VL1,Plate #2,442844,0,0,0
ORNcell_24h_ElavCD8GFP_P1_B18,2,VL1,Plate #1,293426,0,0,0
ORNcell_24h_ElavCD8GFP_P4_A56,2,VL1,Plate #4,118443,0,0,8.751264
ORNcell_24h_ElavCD8GFP_P3_M18,2,VL1,Plate #7,1499163,0,0,0
ORNcell_24h_ElavCD8GFP_P3_B2,2,VL1,Plate #2,519482,0,0,9.313214
ORNcell_24h_ElavCD8GFP_P1_F16,2,VL1,Plate #4,893790,0,9.547719,10.972507
ORNcell_24h_ElavCD8GFP_P6_A215,2,VL1,Plate #1,1100824,0,0,0
ORNcell_24h_ElavCD8GFP_P6_A81,2,VL1,Plate #4,888460,0,0,0
ORNcell_24h_ElavCD8GFP_P1_A6,2,VL1,Plate #1,696085,0,0,11.46885
ORNcell_24h_ElavCD8GFP_P2_N8,2,VL1,Plate #1,132964,0,8.312654,0
ORNcell_24h_ElavCD8GFP_P5_A342,2,NaN,Plate #1,377766,0,0,11.035665
ORNcell_24h_ElavCD8GFP_P1_N5,2,VL1,Plate #6,1619070,0,0,6.485966
ORNcell_24h_ElavCD8GFP_P1_E19,2,VL1,Plate #6,315695,0,0,8.887187
ORNcell_24h_ElavCD8GFP_P4_A311,2,VL1,Plate #4,1348092,0,0,10.009109
ORNcell_24h_ElavCD8GFP_P7_A290,3,DL3,Plate #1,98336,0,0,0
ORNcell_24h_ElavCD8GFP_P6_A358,3,DL3,Plate #1,380297,0,0,3.275051
ORNcell_24h_ElavCD8GFP_P2_B23,3,DL3,Plate #2,320226,0,0,0
ORNcell_24h_ElavCD8GFP_P3_D12,3,DL3,Plate #7,813851,0,0,0
ORNcell_24h_ElavCD8GFP_P4_A202,3,NaN,Plate #7,1704697,0,0,6.101318
ORNcell_24h_ElavCD8GFP_P5_A276,3,DM6,Plate #5,409915,0,0,7.404139
ORNcell_24h_ElavCD8GFP_P6_A73,3,DL3,Plate #4,464870,0,0,4.9842176
ORNcell_24h_ElavCD8GFP_P3_A16,3,DL3,Plate #6,1599140,0,0,10.174434
ORNcell_24h_ElavCD8GFP_P7_A145,3,VA1d,Plate #3,516476,0,11.267804,0
ORNcell_24h_ElavCD8GFP_P6_A239,3,DL3,Plate #3,238950,0,0,9.220289
ORNcell_24h_ElavCD8GFP_P1_G12,3,DL3,Plate #1,149388,0,0,0
ORNcell_24h_ElavCD8GFP_P4_A217,3,NaN,Plate #5,1100271,0,0,0
ORNcell_24h_ElavCD8GFP_P3_M3,3,DL3,Plate #4,940470,0,0,9.513198
ORNcell_24h_ElavCD8GFP_P1_I22,3,DL3,Plate #6,1470334,0,0,0
ORNcell_24h_ElavCD8GFP_P3_E19,3,DL3,Plate #4,881717,0,0,11.4617195
ORNcell_24h_ElavCD8GFP_P2_F2,3,DL3,Plate #3,1524330,0,0,8.14038
ORNcell_24h_ElavCD8GFP_P3_C11,3,DL3,Plate #2,559233,0,0,0
ORNcell_24h_ElavCD8GFP_P4_A85,3,DL3,Plate #3,714688,0,0,0
ORNcell_24h_ElavCD8GFP_P3_B22,3,DL3,Plate #2,1116044,0,0,9.39414
ORNcell_24h_ElavCD8GFP_P4_A379,4,NaN,Plate #2,1364750,0,0,8.527883
ORNcell_24h_ElavCD8GFP_P2_E19,4,DA4l,Plate #7,715518,0,4.450096,5.1032023
ORNcell_24h_ElavCD8GFP_P7_A126,4,DA4l,Plate #6,1895157,3.6361787,0,1.3556561
ORNcell_24h_ElavCD8GFP_P2_O4,4,DA4l,Plate #3,1193517,0,0,0
ORNcell_24h_ElavCD8GFP_P4_A189,4,DA4l,Plate #4,832424,0,0,6.390424
ORNcell_24h_ElavCD8GFP_P3_M22,4,DA4l,Plate #1,596610,0,0,8.893728
ORNcell_24h_ElavCD8GFP_P6_A194,4,DA4l,Plate #3,935570,0,0,0
ORNcell_24h_ElavCD8GFP_P3_I12,4,VA1d,Plate #4,59453,0,0,3.5071845
ORNcell_24h_ElavCD8GFP_P3_H7,4,DA4l,Plate #2,137205,0,0,1.9835199
ORNcell_24h_ElavCD8GFP_P1_M1,4,DA4l,Plate #2,805668,0,0,4.909258
ORNcell_24h_ElavCD8GFP_P1_D18,4,DA4l,Plate #1,142604,0,0,8.931482
ORNcell_24h_ElavCD8GFP_P1_D6,4,DA4l,Plate #3,1010337,0,0,1.1987754
ORNcell_24h_ElavCD8GFP_P3_E16,4,DA4l,Plate #2,270693,0,7.5192857,11.325457
ORNcell_24h_ElavCD8GFP_P5_A294,4,DA4l,Plate #3,772820,0,0,0
ORNcell_24h_ElavCD8GFP_P4_A356,4,DA4l,Plate #1,217222,0,0,0
ORNcell_24h_ElavCD8GFP_P6_A329,4,DA4l,Plate #5,1876724,0,0,8.466628
ORNcell_24h_ElavCD8GFP_P1_E21,4,DA4l,Plate #1,295623,0,0,0
ORNcell_24h_ElavCD8GFP_P2_O14,4,DA4l,Plate #3,685134,0,0,8.156881
ORNcell_24h_ElavCD8GFP_P2_F24,4,DA4l,Plate #3,750303,0,0,9.249821
ORNcell_24h_ElavCD8GFP_P4_A340,4,DA4l,Plate #4,1428769,0,0,8.176419
ORNcell_24h_ElavCD8GFP_P1_A3,4,DA4l,Plate #7,469348,0,0,9.824645
ORNcell_24h_ElavCD8GFP_P1_H3,4,DA4l,Plate #2,239299,0,0,0
ORNcell_24h_ElavCD8GFP_P1_D2,4,NaN,Plate #2,830838,0,0,0
ORNcell_24h_ElavCD8GFP_P3_C4,4,DA4l,Plate #2,1238525,0,0,0
ORNcell_24h_ElavCD8GFP_P2_B8,4,DA4l,Plate #3,180244,0,0,1.3280483
ORNcell_24h_ElavCD8GFP_P1_K12,4,DA4l,Plate #1,459699,0,0,4.279656
ORNcell_24h_ElavCD8GFP_P3_I9,4,NaN,Plate #3,704798,0,0,10.376932
ORNcell_24h_ElavCD8GFP_P7_A169,4,DA4l,Plate #4,1335227,0,0,0
ORNcell_24h_ElavCD8GFP_P5_A173,4,DA4l,Plate #3,249656,0,0,0
ORNcell_24h_ElavCD8GFP_P3_K22,5,VC3,Plate #3,893457,0,0,5.42979
ORNcell_24h_ElavCD8GFP_P7_A132,5,VM4,Plate #4,1136001,0,0,10.651515
ORNcell_24h_ElavCD8GFP_P4_A358,5,VM4,Plate #5,2624395,0,0,0
ORNcell_24h_ElavCD8GFP_P7_A358,5,VM4,Plate #1,1711737,0,0,10.705698
ORNcell_24h_ElavCD8GFP_P2_F12,5,VM4,Plate #4,1044008,0,0,0
ORNcell_24h_ElavCD8GFP_P4_A205,5,VM4,Plate #7,822934,0,0,6.103863
ORNcell_24h_ElavCD8GFP_P2_D20,5,VM4,Plate #3,100121,0,0,12.051383
ORNcell_24h_ElavCD8GFP_P7_A29,5,VM4,Plate #1,626045,0,0,10.127193
ORNcell_24h_ElavCD8GFP_P1_L2,5,VM4,Plate #2,1697243,0,0,0
ORNcell_24h_ElavCD8GFP_P3_L20,5,VM4,Plate #2,317116,0,0,0
ORNcell_24h_ElavCD8GFP_P5_A177,5,NaN,Plate #3,1462452,0,0,11.229327
ORNcell_24h_ElavCD8GFP_P7_A95,5,VM4,Plate #3,841405,0,0,6.818353
ORNcell_24h_ElavCD8GFP_P1_M2,5,VM4,Plate #7,502036,0,0,0
ORNcell_24h_ElavCD8GFP_P3_E18,5,VC3,Plate #3,398821,0,0,3.8271725
ORNcell_24h_ElavCD8GFP_P4_A213,5,VM4,Plate #7,128842,0,0,0
ORNcell_24h_ElavCD8GFP_P1_J7,5,VM4,Plate #4,55987,0,0,9.2446575
ORNcell_24h_ElavCD8GFP_P1_A10,5,VM4,Plate #3,1103037,0,0,3.5725694
ORNcell_24h_ElavCD8GFP_P1_D3,5,VM4,Plate #7,489587,0,0,0
ORNcell_24h_ElavCD8GFP_P2_F9,5,VM4,Plate #5,1130894,3.9963346,0,10.373954
ORNcell_24h_ElavCD8GFP_P5_A339,5,VM4,Plate #6,751326,0,0,0
ORNcell_24h_ElavCD8GFP_P4_A282,5,VM4,Plate #7,576819,0,0,7.740424
ORNcell_24h_ElavCD8GFP_P2_O9,5,VM4,Plate #2,463012,0,0,10.294376
ORNcell_24h_ElavCD8GFP_P2_B6,5,VM4,Plate #3,1191426,0,10.849497,9.932334
ORNcell_24h_ElavCD8GFP_P3_F15,5,NaN,Plate #7,629851,0,0,9.142687
ORNcell_24h_ElavCD8GFP_P1_N8,5,VM4,Plate #4,1222644,0,0,0
ORNcell_24h_ElavCD8GFP_P1_C16,5,VM4,Plate #3,221724,0,0,10.197118
ORNcell_24h_ElavCD8GFP_P5_A279,5,VM4,Plate #7,387267,0,0,0
ORNcell_24h_ElavCD8GFP_P4_A238,5,VM4,Plate #2,1014910,0,5.0761094,7.497454
ORNcell_24h_ElavCD8GFP_P6_A285,5,NaN,Plate #2,2618790,0,0,7.3801274
ORNcell_24h_ElavCD8GFP_P3_E12,5,VM4,Plate #4,1520299,0,0,0
ORNcell_24h_ElavCD8GFP_P4_A382,5,VM4,Plate #2,221945,0,0,0
ORNcell_24h_ElavCD8GFP_P4_A233,5,VM4,Plate #4,305960,0,0,0
ORNcell_24h_ElavCD8GFP_P4_A83,5,VM4,Plate #1,268492,0,0,0
ORNcell_24h_ElavCD8GFP_P7_A315,5,VM4,Plate #2,208160,0,0,0
ORNcell_24h_ElavCD8GFP_P2_M11,5,NaN,Plate #5,770720,0,0,9.683807
ORNcell_24h_ElavCD8GFP_P4_A22,5,NaN,Plate #3,433731,0,0,8.291841
ORNcell_24h_ElavCD8GFP_P4_A211,5,VM4,Plate #6,526290,0,0,10.758913
ORNcell_24h_ElavCD8GFP_P1_F7,5,VM4,Plate #3,905539,0,2.0957706,11.136102
ORNcell_24h_ElavCD8GFP_P3_L24,5,VM4,Plate #4,733208,0,0,0
ORNcell_24h_ElavCD8GFP_P7_A175,6,NaN,Plate #3,992582,7.125117,0,0
ORNcell_24h_ElavCD8GFP_P1_A5,6,DM3,Plate #3,736853,0,0,10.653216
ORNcell_24h_ElavCD8GFP_P2_G12,6,DM3,Plate #4,461063,0,0,0
ORNcell_24h_ElavCD8GFP_P3_F6,6,DM3,Plate #2,2220467,2.4086626,4.4949975,11.36399
ORNcell_24h_ElavCD8GFP_P5_A196,6,NaN,Plate #4,864256,0,4.16297,10.226979
ORNcell_24h_ElavCD8GFP_P3_D18,6,DM3,Plate #2,1290936,0,0,10.89466
ORNcell_24h_ElavCD8GFP_P7_A128,6,DM3,Plate #6,540901,0,0,9.185757
ORNcell_24h_ElavCD8GFP_P1_I9,6,DM3,Plate #1,222185,0,0,0
ORNcell_24h_ElavCD8GFP_P1_D21,6,DM3,Plate #6,1413876,0,0,5.206974
ORNcell_24h_ElavCD8GFP_P7_A301,6,NaN,Plate #1,599080,0,0,0
ORNcell_24h_ElavCD8GFP_P6_A88,6,DM3,Plate #2,414042,0,0,8.0888195
ORNcell_24h_ElavCD8GFP_P3_D14,6,DM3,Plate #3,844732,0,0,0
ORNcell_24h_ElavCD8GFP_P1_F19,6,DM3,Plate #7,905168,0,0,8.341585
ORNcell_24h_ElavCD8GFP_P3_C5,6,DM3,Plate #6,1716637,0,0,2.8313878
ORNcell_24h_ElavCD8GFP_P3_J6,6,DM3,Plate #2,234615,0,0,2.1206264
ORNcell_24h_ElavCD8GFP_P5_A219,6,NaN,Plate #6,540674,0,10.93601,0
ORNcell_24h_ElavCD8GFP_P6_A326,6,DM3,Plate #3,1256046,0,0,2.5697439
ORNcell_24h_ElavCD8GFP_P3_C8,6,DM3,Plate #7,2451989,0,3.0659494,9.460882
ORNcell_24h_ElavCD8GFP_P3_G7,6,DM3,Plate #1,771934,0,0,11.334366
ORNcell_24h_ElavCD8GFP_P4_A125,6,DM3,Plate #3,1077710,0,0,9.47698
ORNcell_24h_ElavCD8GFP_P4_A278,6,DM3,Plate #7,940917,0,8.52646,7.8099613
ORNcell_24h_ElavCD8GFP_P7_A10,6,NaN,Plate #3,745643,0,0,11.62667
ORNcell_24h_ElavCD8GFP_P2_D12,6,DM3,Plate #4,1980301,0,0,1.7959657
ORNcell_24h_ElavCD8GFP_P1_E16,6,DM3,Plate #2,2259979,0,0,0
ORNcell_24h_ElavCD8GFP_P2_M1,6,DM3,Plate #2,644588,0,0,0
ORNcell_24h_ElavCD8GFP_P1_E24,6,DM3,Plate #4,907802,0,0,0
ORNcell_24h_ElavCD8GFP_P2_J22,7,NaN,Plate #7,246134,0,0,4.288598
ORNcell_24h_ElavCD8GFP_P3_H21,7,NaN,Plate #5,3706460,0,0,10.32633
ORNcell_24h_ElavCD8GFP_P3_D6,7,NaN,Plate #2,1333496,11.576087,0,0
ORNcell_24h_ElavCD8GFP_P4_A307,7,NaN,Plate #6,615038,0,0,0
ORNcell_24h_ElavCD8GFP_P2_I5,7,NaN,Plate #4,1215303,0,0,10.328489
ORNcell_24h_ElavCD8GFP_P4_A310,7,NaN,Plate #3,828646,0,0,8.536419
ORNcell_24h_ElavCD8GFP_P1_H20,7,NaN,Plate #6,1141691,0,0,11.287268
ORNcell_24h_ElavCD8GFP_P3_O12,7,NaN,Plate #4,334781,0,0,0
ORNcell_24h_ElavCD8GFP_P1_L3,7,NaN,Plate #3,754137,0,0,0
ORNcell_24h_ElavCD8GFP_P4_A177,7,NaN,Plate #5,532776,0,0,5.214013
ORNcell_24h_ElavCD8GFP_P1_I10,7,NaN,Plate #1,524950,0,0,9.834343
ORNcell_24h_ElavCD8GFP_P2_M10,7,NaN,Plate #5,1872385,0,0,0
ORNcell_24h_ElavCD8GFP_P1_D14,7,NaN,Plate #2,230088,0,0,0
ORNcell_24h_ElavCD8GFP_P3_I6,7,NaN,Plate #4,1624354,0,0,2.8401098
ORNcell_24h_ElavCD8GFP_P3_P8,7,NaN,Plate #3,1098041,0,0,9.923915
ORNcell_24h_ElavCD8GFP_P5_A246,7,NaN,Plate #3,559356,0,0,4.0437984
ORNcell_24h_ElavCD8GFP_P6_A238,7,NaN,Plate #1,499564,4.995461,0,6.9611363
ORNcell_24h_ElavCD8GFP_P1_E5,7,NaN,Plate #2,143144,0,0,0
ORNcell_24h_ElavCD8GFP_P2_H3,7,NaN,Plate #3,604727,0,0,0
ORNcell_24h_ElavCD8GFP_P5_A102,7,NaN,Plate #2,78436,0,0,7.1101446
ORNcell_24h_ElavCD8GFP_P1_D23,7,NaN,Plate #2,766284,0,0,10.7256
ORNcell_24h_ElavCD8GFP_P1_F20,7,NaN,Plate #1,1128326,0,4.235825,6.847799
ORNcell_24h_ElavCD8GFP_P4_A334,7,NaN,Plate #6,1496938,0,0,10.360319
ORNcell_24h_ElavCD8GFP_P3_D23,7,NaN,Plate #5,1473160,13.781807,0,0
ORNcell_24h_ElavCD8GFP_P4_A219,7,NaN,Plate #3,387197,0,0,4.307316
ORNcell_24h_ElavCD8GFP_P7_A112,8,VL2a,Plate #1,633769,0,0,0
ORNcell_24h_ElavCD8GFP_P1_G1,8,VL2a,Plate #2,165117,0,0,1.419927
ORNcell_24h_ElavCD8GFP_P3_M16,8,VL2a,Plate #1,308125,0,0,10.571074
ORNcell_24h_ElavCD8GFP_P3_E11,8,NaN,Plate #2,789951,0,0,10.875134
ORNcell_24h_ElavCD8GFP_P1_M8,8,VL2a,Plate #2,236441,0,0,7.1174417
ORNcell_24h_ElavCD8GFP_P2_H8,8,VL2a,Plate #1,1794267,0,0,8.406494
ORNcell_24h_ElavCD8GFP_P1_I21,8,VL2a,Plate #3,103081,0,0,0
ORNcell_24h_ElavCD8GFP_P1_C19,8,VL2a,Plate #6,820414,0,0,8.194152
ORNcell_24h_ElavCD8GFP_P4_A357,8,VL2a,Plate #3,401274,10.523267,0,9.550603
ORNcell_24h_ElavCD8GFP_P3_F12,8,NaN,Plate #6,1706339,0,0,9.313421
ORNcell_24h_ElavCD8GFP_P5_A3,8,VL2a,Plate #2,362758,0,0,0
ORNcell_24h_ElavCD8GFP_P6_A158,8,VL2a,Plate #1,300410,0,0,0
ORNcell_24h_ElavCD8GFP_P2_L1,8,VL2a,Plate #1,1176602,0,0,10.082353
ORNcell_24h_ElavCD8GFP_P6_A376,8,NaN,Plate #3,1249844,0,0,8.988817
ORNcell_24h_ElavCD8GFP_P2_C21,8,VL2a,Plate #4,1477939,0,0,0
ORNcell_24h_ElavCD8GFP_P3_K18,8,VL2a,Plate #1,1194475,0,0,7.813327
ORNcell_24h_ElavCD8GFP_P2_C6,8,NaN,Plate #3,449402,0,0,8.469557
ORNcell_24h_ElavCD8GFP_P3_C14,8,VL2a,Plate #1,2123680,0,0,7.655449
ORNcell_24h_ElavCD8GFP_P4_A172,8,VL2a,Plate #1,732501,0,0,8.281472
ORNcell_24h_ElavCD8GFP_P4_A243,8,VL2a,Plate #4,239715,0,0,8.694334
ORNcell_24h_ElavCD8GFP_P3_L21,8,VL2a,Plate #3,176013,0,0,0
ORNcell_24h_ElavCD8GFP_P1_I14,8,VL2a,Plate #6,1282188,0,0,11.747802
ORNcell_24h_ElavCD8GFP_P7_A297,8,VL2a,Plate #2,138057,0,0,0.6113242
ORNcell_24h_ElavCD8GFP_P6_A23,8,VL2a,Plate #3,593092,0,4.8245797,7.462772
ORNcell_24h_ElavCD8GFP_P4_A232,8,VL2a,Plate #3,1325900,0,0,10.063384
ORNcell_24h_ElavCD8GFP_P1_F10,8,VL2a,Plate #2,448550,0,8.19149,9.990285
ORNcell_24h_ElavCD8GFP_P3_I16,8,VL2a,Plate #3,869238,0,0,9.645788
ORNcell_24h_ElavCD8GFP_P3_E7,8,VL2a,Plate #3,183270,0,10.168945,8.70346
ORNcell_24h_ElavCD8GFP_P3_J19,8,VL2a,Plate #5,2087831,0,0,9.142604
ORNcell_24h_ElavCD8GFP_P5_A281,9,DP1l,Plate #6,1505162,0,0,11.231012
ORNcell_24h_ElavCD8GFP_P4_A242,9,NaN,Plate #4,843951,0,0,0
ORNcell_24h_ElavCD8GFP_P4_A6,9,DP1l,Plate #6,530729,0,0,9.402867
ORNcell_24h_ElavCD8GFP_P1_J11,9,DP1l,Plate #3,622083,0,0,9.640283
ORNcell_24h_ElavCD8GFP_P2_N2,9,DP1l,Plate #3,1412048,0,0,0
ORNcell_24h_ElavCD8GFP_P2_E10,9,NaN,Plate #2,355605,0,0,9.421236
ORNcell_24h_ElavCD8GFP_P3_I21,9,DP1l,Plate #1,1184061,0,0,0
ORNcell_24h_ElavCD8GFP_P7_A42,9,DP1l,Plate #7,1190327,0,0,12.683348
ORNcell_24h_ElavCD8GFP_P2_I7,9,DP1l,Plate #3,1081094,0,0,0
ORNcell_24h_ElavCD8GFP_P5_A268,9,NaN,Plate #2,178744,0,0,0
ORNcell_24h_ElavCD8GFP_P6_A253,9,DP1l,Plate #3,1260977,0,0,0
ORNcell_24h_ElavCD8GFP_P2_I23,9,DP1l,Plate #2,131699,0,0,0
ORNcell_24h_ElavCD8GFP_P2_J7,9,DP1l,Plate #3,1307449,0,0,4.117644
ORNcell_24h_ElavCD8GFP_P2_G8,9,DP1l,Plate #7,1474138,0,0,0
ORNcell_24h_ElavCD8GFP_P2_P3,9,NaN,Plate #2,273565,0,0,7.6192174
ORNcell_24h_ElavCD8GFP_P1_I8,9,NaN,Plate #5,814482,0,0,0
ORNcell_24h_ElavCD8GFP_P7_A148,9,NaN,Plate #4,698462,0,0,0
ORNcell_24h_ElavCD8GFP_P7_A226,9,NaN,Plate #3,646167,0,0,0
ORNcell_24h_ElavCD8GFP_P3_M12,9,NaN,Plate #3,61173,0,0,9.152779
ORNcell_24h_ElavCD8GFP_P1_O7,9,DP1l,Plate #1,431093,0,0,10.772037
ORNcell_24h_ElavCD8GFP_P3_B7,9,VL2a,Plate #1,686760,0,8.285725,10.349764
ORNcell_24h_ElavCD8GFP_P3_L1,9,VC3,Plate #2,87309,0,0,9.286965
ORNcell_24h_ElavCD8GFP_P2_O15,9,NaN,Plate #5,421140,4.8149776,5.217145,9.4373
ORNcell_24h_ElavCD8GFP_P1_K8,9,DP1l,Plate #6,408131,0,0,0
ORNcell_24h_ElavCD8GFP_P2_A15,9,DP1l,Plate #3,285127,0,0,11.9895315
ORNcell_24h_ElavCD8GFP_P3_H24,9,DP1l,Plate #3,720115,0,0,0
ORNcell_24h_ElavCD8GFP_P3_I17,10,V,Plate #2,1438629,0,0,0
ORNcell_24h_ElavCD8GFP_P4_A267,10,V,Plate #3,853049,0,6.613802,0
ORNcell_24h_ElavCD8GFP_P6_A193,10,V,Plate #7,640210,0,0,0
ORNcell_24h_ElavCD8GFP_P4_A109,10,V,Plate #1,300484,0,0,8.687713
ORNcell_24h_ElavCD8GFP_P3_G21,10,V,Plate #4,1162734,0,3.7266736,0
ORNcell_24h_ElavCD8GFP_P2_D22,10,V,Plate #4,933571,0,0,6.4086213
ORNcell_24h_ElavCD8GFP_P2_H16,10,V,Plate #7,726338,0,0,7.0404263
ORNcell_24h_ElavCD8GFP_P2_K9,10,V,Plate #6,1215953,0,0,7.677945
ORNcell_24h_ElavCD8GFP_P4_A329,10,V,Plate #1,2032129,12.058584,0,0
ORNcell_24h_ElavCD8GFP_P4_A167,10,V,Plate #1,1037113,0,0,0
ORNcell_24h_ElavCD8GFP_P2_B9,10,V,Plate #1,2379289,8.977962,0,0
ORNcell_24h_ElavCD8GFP_P2_H15,10,V,Plate #1,227422,0,0,11.250946
ORNcell_24h_ElavCD8GFP_P1_H13,10,V,Plate #3,410160,0,0,8.134375
ORNcell_24h_ElavCD8GFP_P5_A123,10,V,Plate #2,135389,0,0,3.9041896
ORNcell_24h_ElavCD8GFP_P6_A32,10,NaN,Plate #2,1281081,0,0,9.615841
ORNcell_24h_ElavCD8GFP_P2_K20,10,V,Plate #7,1529025,0,0,0
ORNcell_24h_ElavCD8GFP_P3_J14,10,V,Plate #7,771442,0,0,10.863178
ORNcell_24h_ElavCD8GFP_P2_F16,10,V,Plate #2,206417,0,0,0
ORNcell_24h_ElavCD8GFP_P1_L11,10,V,Plate #2,398313,0,0,5.3397007
ORNcell_24h_ElavCD8GFP_P4_A255,10,V,Plate #4,1289704,0,0,11.005474
ORNcell_24h_ElavCD8GFP_P3_C19,10,V,Plate #4,539418,0,0,6.982482
ORNcell_24h_ElavCD8GFP_P5_A247,10,V,Plate #3,1282949,0,0,0
ORNcell_24h_ElavCD8GFP_P1_L7,10,V,Plate #2,1691204,0,0,6.9595532
ORNcell_24h_ElavCD8GFP_P1_E10,10,V,Plate #4,1125969,0,0,0
ORNcell_24h_ElavCD8GFP_P2_J1,10,V,Plate #5,106897,0,0,0
ORNcell_24h_ElavCD8GFP_P2_N11,10,V,Plate #4,511859,0,0,3.4746275
ORNcell_24h_ElavCD8GFP_P1_F2,10,V,Plate #4,2186979,0,4.8789096,6.7808056
ORNcell_24h_ElavCD8GFP_P1_H14,10,V,Plate #3,917977,0,0,9.425127
ORNcell_24h_ElavCD8GFP_P4_A244,10,V,Plate #3,766084,0,0,9.548498
ORNcell_24h_ElavCD8GFP_P3_N15,10,V,Plate #4,125386,0,0,7.263664
ORNcell_24h_ElavCD8GFP_P2_J20,10,V,Plate #3,133184,0,0,8.504944
ORNcell_24h_ElavCD8GFP_P3_K21,10,V,Plate #4,252025,0,0,10.999953
ORNcell_24h_ElavCD8GFP_P3_M21,10,V,Plate #3,456084,0,0,9.314986
ORNcell_24h_ElavCD8GFP_P3_M4,10,V,Plate #4,646834,0,0,10.120963
ORNcell_24h_ElavCD8GFP_P3_N16,10,V,Plate #5,1331265,0,0,12.857207
ORNcell_24h_ElavCD8GFP_P3_J21,10,NaN,Plate #2,959223,0,0,9.194596
ORNcell_24h_ElavCD8GFP_P4_A313,10,V,Plate #4,989430,0,0,0
ORNcell_24h_ElavCD8GFP_P1_C20,10,V,Plate #2,1555627,0,0,0
ORNcell_24h_ElavCD8GFP_P1_L10,10,V,Plate #1,67455,0,0,0
ORNcell_24h_ElavCD8GFP_P7_A81,10,V,Plate #3,752377,0,0,0
ORNcell_24h_ElavCD8GFP_P2_L16,11,VA1v,Plate #2,171479,0,0,6.7275
ORNcell_24h_ElavCD8GFP_P7_A41,11,NaN,Plate #5,960786,0,0,10.22767
ORNcell_24h_ElavCD8GFP_P4_A52,11,VA1d,Plate #4,936166,0,0,0
ORNcell_24h_ElavCD8GFP_P3_B1,11,VA1v,Plate #4,759627,0,11.842475,0
ORNcell_24h_ElavCD8GFP_P4_A98,11,NaN,Plate #2,716596,0,0,0
ORNcell_24h_ElavCD8GFP_P5_A340,11,VA1v,Plate #1,1236780,0,0,2.499885
ORNcell_24h_ElavCD8GFP_P5_A350,11,VA1v,Plate #4,1098401,0,0,11.524152
ORNcell_24h_ElavCD8GFP_P2_H6,11,VA1v,Plate #3,331187,0,0,0
ORNcell_24h_ElavCD8GFP_P7_A296,11,VA1v,Plate #6,1316930,0,0,0
ORNcell_24h_ElavCD8GFP_P2_K10,11,VA1v,Plate #4,616788,0,0,10.040738
ORNcell_24h_ElavCD8GFP_P2_L3,11,VA1v,Plate #6,904457,0,8.550207,0
ORNcell_24h_ElavCD8GFP_P1_E23,11,VA1v,Plate #5,1495802,0,0,0
ORNcell_24h_ElavCD8GFP_P3_N19,11,NaN,Plate #7,620346,0,0,11.963443
ORNcell_24h_ElavCD8GFP_P1_B21,11,VA1v,Plate #2,97089,0,8.028898,11.412279
ORNcell_24h_ElavCD8GFP_P7_A163,11,VA1v,Plate #3,931303,0,0,0
ORNcell_24h_ElavCD8GFP_P2_A16,11,VA1v,Plate #1,275126,0,0,9.596296
ORNcell_24h_ElavCD8GFP_P6_A189,11,NaN,Plate #5,2177791,0,0,0
ORNcell_24h_ElavCD8GFP_P4_A284,11,VA1d,Plate #2,106396,0,0,10.74285
ORNcell_24h_ElavCD8GFP_P2_I10,11,VA1v,Plate #4,731344,0,3.8227994,11.789761
ORNcell_24h_ElavCD8GFP_P2_E23,11,VA1d,Plate #2,1568820,0,0,0
ORNcell_24h_ElavCD8GFP_P5_A275,11,VA1v,Plate #4,1246836,0,0,0
ORNcell_24h_ElavCD8GFP_P1_C12,11,VA1v,Plate #4,1063404,0,0,4.5250974
ORNcell_24h_ElavCD8GFP_P3_P24,11,VA1v,Plate #4,453859,0,6.6451674,9.873757
ORNcell_24h_ElavCD8GFP_P7_A257,11,VA1v,Plate #2,372819,0,0,0
ORNcell_24h_ElavCD8GFP_P2_M5,11,VA1v,Plate #1,1973694,0,0,0
ORNcell_24h_ElavCD8GFP_P1_M17,11,VA1d,Plate #2,189400,0,0,7.164346
ORNcell_24h_ElavCD8GFP_P2_J23,11,VA1v,Plate #2,741371,0,0,0
ORNcell_24h_ElavCD8GFP_P4_A162,12,VA1d,Plate #6,2019648,0,0,0
ORNcell_24h_ElavCD8GFP_P1_C5,12,VA1d,Plate #7,402483,0,0,9.329139
ORNcell_24h_ElavCD8GFP_P3_E10,12,VA1d,Plate #2,62022,0,0,0
ORNcell_24h_ElavCD8GFP_P3_F8,12,VA1d,Plate #2,92350,0,0,3.3503933
ORNcell_24h_ElavCD8GFP_P1_G20,12,VA1d,Plate #6,51457,0,0,6.867681
ORNcell_24h_ElavCD8GFP_P2_E24,12,VA1d,Plate #3,996108,0,0,0
ORNcell_24h_ElavCD8GFP_P2_E17,12,NaN,Plate #6,2762704,0,2.2275534,11.583677
ORNcell_24h_ElavCD8GFP_P1_I3,12,VA1d,Plate #4,634013,0,0,0
ORNcell_24h_ElavCD8GFP_P4_A226,12,NaN,Plate #3,494082,0,0,7.40351
ORNcell_24h_ElavCD8GFP_P4_A361,12,VA1d,Plate #2,268266,3.7733314,0,7.9602475
ORNcell_24h_ElavCD8GFP_P5_A73,12,VA1d,Plate #1,434348,0,0,4.3901024
ORNcell_24h_ElavCD8GFP_P1_M22,12,VA1v,Plate #7,188694,0,0,0
ORNcell_24h_ElavCD8GFP_P5_A30,12,VA1d,Plate #2,459958,0,0,0
ORNcell_24h_ElavCD8GFP_P2_D5,12,VA1d,Plate #5,456922,0,0,0
ORNcell_24h_ElavCD8GFP_P2_B2,12,VA1d,Plate #6,587126,0,0,0
ORNcell_24h_ElavCD8GFP_P6_A131,12,VA1d,Plate #1,557792,0,0,0
ORNcell_24h_ElavCD8GFP_P6_A93,12,VA1d,Plate #4,642909,0,0,8.97992
ORNcell_24h_ElavCD8GFP_P2_N12,12,VA1d,Plate #4,218305,0,0,0
ORNcell_24h_ElavCD8GFP_P2_G19,12,VA1d,Plate #1,1863293,0,0,0
ORNcell_24h_ElavCD8GFP_P5_A1,12,NaN,Plate #2,201957,0,0,9.991965
ORNcell_24h_ElavCD8GFP_P4_A354,12,VA1d,Plate #2,223839,0,0,0
ORNcell_24h_ElavCD8GFP_P1_N13,12,VA1d,Plate #3,380128,0,0,8.287998
ORNcell_24h_ElavCD8GFP_P6_A106,13,VC3,Plate #2,614978,0,0,3.1115825
ORNcell_24h_ElavCD8GFP_P5_A267,13,V,Plate #5,1261635,0,0,9.524806
ORNcell_24h_ElavCD8GFP_P3_N24,13,NaN,Plate #6,1611945,0,10.80795,3.0272698
ORNcell_24h_ElavCD8GFP_P3_P14,13,NaN,Plate #2,108018,0,0,8.488827
ORNcell_24h_ElavCD8GFP_P3_A11,13,NaN,Plate #1,126360,0,0,4.655913
ORNcell_24h_ElavCD8GFP_P2_D2,13,VC3,Plate #3,1002509,0,0,0
ORNcell_24h_ElavCD8GFP_P6_A196,13,NaN,Plate #6,1080272,0,0,1.7926214
ORNcell_24h_ElavCD8GFP_P2_H5,13,VC3,Plate #2,236140,10.620027,0,10.052994
ORNcell_24h_ElavCD8GFP_P3_P16,13,NaN,Plate #3,843817,0,0,0
ORNcell_24h_ElavCD8GFP_P4_A350,13,VC3,Plate #4,651378,0,0,0
ORNcell_24h_ElavCD8GFP_P3_K17,13,VC3,Plate #2,459143,0,0,9.688411
ORNcell_24h_ElavCD8GFP_P1_K9,13,VC3,Plate #3,790042,0,0,10.018658
ORNcell_24h_ElavCD8GFP_P4_A123,13,VC3,Plate #5,134469,0,0,0
ORNcell_24h_ElavCD8GFP_P3_L18,13,VC3,Plate #4,1195730,0,0,8.160093
ORNcell_24h_ElavCD8GFP_P3_M19,13,VL1,Plate #1,172959,0,0,0
ORNcell_24h_ElavCD8GFP_P2_J19,13,VC3,Plate #5,1923569,0,0,8.8314295
ORNcell_24h_ElavCD8GFP_P2_K18,13,NaN,Plate #4,588178,0,0,10.639593
ORNcell_24h_ElavCD8GFP_P2_D10,13,VM4,Plate #2,61824,0,0,8.280652
ORNcell_24h_ElavCD8GFP_P3_C9,13,VC3,Plate #5,1214222,0,0,0
ORNcell_24h_ElavCD8GFP_P2_E14,13,NaN,Plate #4,911178,0,0,1.895485
ORNcell_24h_ElavCD8GFP_P6_A65,13,VC3,Plate #4,1001535,0,0,10.219105
ORNcell_24h_ElavCD8GFP_P4_A301,13,NaN,Plate #3,1153778,0,0,4.6869345
ORNcell_24h_ElavCD8GFP_P2_G17,14,VL1,Plate #3,311696,0,0,0
ORNcell_24h_ElavCD8GFP_P3_N21,14,VL1,Plate #6,810783,0,0,2.1722922
ORNcell_24h_ElavCD8GFP_P2_G1,14,VL1,Plate #1,797592,4.710949,7.5843186,9.675408
ORNcell_24h_ElavCD8GFP_P2_A22,14,VL1,Plate #2,149314,0,0,10.272888
ORNcell_24h_ElavCD8GFP_P7_A7,14,VL1,Plate #1,61895,0,0,0
ORNcell_24h_ElavCD8GFP_P5_A314,14,VL1,Plate #2,206377,0,0,0
ORNcell_24h_ElavCD8GFP_P4_A359,14,VL1,Plate #2,2476758,0,0,5.0899134
ORNcell_24h_ElavCD8GFP_P1_G4,14,VL1,Plate #2,92783,0,0,4.8791146
ORNcell_24h_ElavCD8GFP_P6_A342,14,VL1,Plate #1,657202,0,0,7.985283
ORNcell_24h_ElavCD8GFP_P3_P17,14,VL1,Plate #1,228650,0,0,10.712716
ORNcell_24h_ElavCD8GFP_P1_I24,14,VL1,Plate #1,715093,0,0,8.546732
ORNcell_24h_ElavCD8GFP_P3_K2,14,VL1,Plate #2,1623088,0,0,0
ORNcell_24h_ElavCD8GFP_P6_A152,14,VL1,Plate #4,500314,0,0,0
ORNcell_24h_ElavCD8GFP_P6_A107,14,VL1,Plate #5,1896435,0,0,1.7426349
ORNcell_24h_ElavCD8GFP_P2_G9,14,VL1,Plate #7,437971,0,0,0
ORNcell_24h_ElavCD8GFP_P4_A221,14,VL1,Plate #1,1969083,0,0,0
ORNcell_24h_ElavCD8GFP_P6_A214,14,VL1,Plate #4,937552,0,0,5.747488
ORNcell_24h_ElavCD8GFP_P3_H2,14,VL1,Plate #6,697273,0,0,8.386666
ORNcell_24h_ElavCD8GFP_P7_A276,14,VL1,Plate #4,560596,0,0,9.322768
ORNcell_24h_ElavCD8GFP_P7_A203,14,VL1,Plate #6,1230183,0,8.037263,9.571093
ORNcell_24h_ElavCD8GFP_P4_A371,14,VM5d/v,Plate #1,856819,0,0,0
ORNcell_24h_ElavCD8GFP_P3_F21,14,VL1,Plate #2,208718,0,0,10.808914
ORNcell_24h_ElavCD8GFP_P3_L23,14,VL1,Plate #3,441697,0,0,6.4596524
ORNcell_24h_ElavCD8GFP_P5_A318,14,VL1,Plate #5,1553491,0,0,7.9064426
ORNcell_24h_ElavCD8GFP_P3_B14,14,VL1,Plate #1,960938,0,0,9.756137
ORNcell_24h_ElavCD8GFP_P1_L12,14,VL1,Plate #2,1047023,0,0,0
ORNcell_24h_ElavCD8GFP_P7_A220,14,VL1,Plate #4,856764,0,0,0
ORNcell_24h_ElavCD8GFP_P6_A99,14,VL1,Plate #2,68709,0,0,0
ORNcell_24h_ElavCD8GFP_P5_A224,14,NaN,Plate #6,1616205,0,0,12.80283
ORNcell_24h_ElavCD8GFP_P1_O5,14,VL1,Plate #4,864142,0,0,0
ORNcell_24h_ElavCD8GFP_P3_C15,14,VL1,Plate #2,256166,0,0,10.533876
ORNcell_24h_ElavCD8GFP_P4_A293,14,VL1,Plate #2,116369,0,0,0
ORNcell_24h_ElavCD8GFP_P5_A337,14,VL1,Plate #7,699937,0,0,10.044754
ORNcell_24h_ElavCD8GFP_P7_A295,14,VL1,Plate #4,749136,0,0,9.559122
ORNcell_24h_ElavCD8GFP_P1_A15,14,VL1,Plate #1,357984,0,0,11.639474
ORNcell_24h_ElavCD8GFP_P1_C23,14,VL1,Plate #4,610901,0,0,9.160544
ORNcell_24h_ElavCD8GFP_P2_C14,14,VL1,Plate #2,409737,0,0,9.136942
ORNcell_24h_ElavCD8GFP_P3_O19,15,NaN,Plate #3,1152838,0,0,6.0097456
ORNcell_24h_ElavCD8GFP_P3_M24,15,NaN,Plate #4,226355,0,0,0.5802765
ORNcell_24h_ElavCD8GFP_P3_C6,15,DL3,Plate #7,380014,0,0,6.089654
ORNcell_24h_ElavCD8GFP_P2_H20,15,DL4,Plate #7,119901,0,0,0
ORNcell_24h_ElavCD8GFP_P1_E22,15,VA1d,Plate #3,1370263,0,0,10.824982
ORNcell_24h_ElavCD8GFP_P3_L3,15,NaN,Plate #3,584884,0,0,9.674562
ORNcell_24h_ElavCD8GFP_P6_A257,15,NaN,Plate #4,764351,0,0,7.015473
ORNcell_24h_ElavCD8GFP_P1_P1,15,DL4,Plate #3,1205299,0,0,0
ORNcell_24h_ElavCD8GFP_P3_I19,15,DA4l,Plate #4,524729,0,0,7.734626
ORNcell_24h_ElavCD8GFP_P3_I4,15,DM3,Plate #4,1172514,0,0,8.818218
ORNcell_24h_ElavCD8GFP_P2_P1,15,DM6,Plate #6,1558193,0,0,0
ORNcell_24h_ElavCD8GFP_P1_N9,15,NaN,Plate #2,1352085,0,0,4.1552005
ORNcell_24h_ElavCD8GFP_P6_A62,15,NaN,Plate #1,153491,0,0,0
ORNcell_24h_ElavCD8GFP_P7_A21,15,NaN,Plate #2,378585,0,0,0
ORNcell_24h_ElavCD8GFP_P2_L12,15,NaN,Plate #5,51242,0,0,0
ORNcell_24h_ElavCD8GFP_P2_E9,15,DM3,Plate #3,1410853,0,0,0
ORNcell_24h_ElavCD8GFP_P5_A228,15,DM6,Plate #1,529533,0,3.035782,10.44747
ORNcell_24h_ElavCD8GFP_P5_A290,15,DL4,Plate #4,1130758,9.134679,0,0
ORNcell_24h_ElavCD8GFP_P1_C11,15,DL4,Plate #7,2187617,0,0,10.741364
ORNcell_24h_ElavCD8GFP_P2_F18,15,DL4,Plate #4,402073,0,0,0
ORNcell_24h_ElavCD8GFP_P2_I6,15,NaN,Plate #6,515837,0,0,8.809429
ORNcell_24h_ElavCD8GFP_P5_A322,15,NaN,Plate #2,402859,0,0,0
ORNcell_24h_ElavCD8GFP_P6_A333,15,DL4,Plate #1,913485,0,0,11.638629
ORNcell_24h_ElavCD8GFP_P2_G14,15,NaN,Plate #2,1514653,0,0,10.867149
ORNcell_24h_ElavCD8GFP_P4_A314,15,NaN,Plate #2,85192,0,0,3.112049
ORNcell_24h_ElavCD8GFP_P1_N11,15,NaN,Plate #3,217629,0,0,9.91791
ORNcell_24h_ElavCD8GFP_P4_A62,15,NaN,Plate #4,1258752,0,0,0
ORNcell_24h_ElavCD8GFP_P6_A51,15,DL4,Plate #4,486954,0,0,0
ORNcell_24h_ElavCD8GFP_P3_O1,15,NaN,Plate #3,1008392,0,0,12.426311
ORNcell_24h_ElavCD8GFP_P7_A261,15,DM6,Plate #4,1321113,0,0,0
ORNcell_24h_ElavCD8GFP_P2_O20,15,NaN,Plate #7,1275989,0,9.838159,7.3917856
ORNcell_24h_ElavCD8GFP_P1_F8,15,DM3,Plate #1,1887311,0,0,0
ORNcell_24h_ElavCD8GFP_P4_A18,15,NaN,Plate #5,1534427,0,0,0
ORNcell_24h_ElavCD8GFP_P4_A335,15,DL4,Plate #2,799781,0,0,3.9954097
ORNcell_24h_ElavCD8GFP_P2_N5,15,NaN,Plate #4,788715,0,6.6860876,9.278661
ORNcell_24h_ElavCD8GFP_P4_A327,15,DM6,Plate #2,457942,0,0,0
ORNcell_24h_ElavCD8GFP_P3_D3,15,NaN,Plate #5,1997880,0,0,0
ORNcell_24h_ElavCD8GFP_P1_B22,15,DM6,Plate #7,214035,12.154262,0,0
ORNcell_24h_ElavCD8GFP_P7_A121,16,NaN,Plate #5,1903198,0,0,10.422925
ORNcell_24h_ElavCD8GFP_P3_N10,16,NaN,Plate #2,183181,0,0,7.877956
ORNcell_24h_ElavCD8GFP_P2_H14,16,NaN,Plate #1,1682105,0,0,10.7107525
ORNcell_24h_ElavCD8GFP_P4_A355,16,NaN,Plate #4,1523090,0,0,0
ORNcell_24h_ElavCD8GFP_P6_A142,16,NaN,Plate #3,1086653,0,0,0
ORNcell_24h_ElavCD8GFP_P2_M18,16,NaN,Plate #6,2026164,0,0,0
ORNcell_24h_ElavCD8GFP_P7_A90,16,NaN,Plate #3,503785,0,0,0
ORNcell_24h_ElavCD8GFP_P7_A46,16,NaN,Plate #4,97220,0,0,0
ORNcell_24h_ElavCD8GFP_P1_A1,16,NaN,Plate #3,1151317,0,0,8.848412
ORNcell_24h_ElavCD8GFP_P7_A325,16,NaN,Plate #2,396702,0,0,6.0496473
ORNcell_24h_ElavCD8GFP_P4_A302,16,NaN,Plate #4,779516,0,0,8.964559
ORNcell_24h_ElavCD8GFP_P4_A164,17,NaN,Plate #1,808100,0,3.8394694,3.8394694
ORNcell_24h_ElavCD8GFP_P4_A14,17,NaN,Plate #2,191259,0,4.477059,11.465215
ORNcell_24h_ElavCD8GFP_P2_L10,17,NaN,Plate #1,2517790,0,0,11.137941
ORNcell_24h_ElavCD8GFP_P4_A375,17,NaN,Plate #4,1830055,0,0,7.2468433
ORNcell_24h_ElavCD8GFP_P4_A292,17,NaN,Plate #5,1237750,0,0,0
ORNcell_24h_ElavCD8GFP_P2_G22,17,NaN,Plate #1,1434177,0,0,0
ORNcell_24h_ElavCD8GFP_P1_A16,17,NaN,Plate #3,343278,0,0,10.625412
ORNcell_24h_ElavCD8GFP_P5_A218,17,NaN,Plate #2,326113,0,0,8.898671
ORNcell_24h_ElavCD8GFP_P3_C21,17,NaN,Plate #1,2068288,0,0,0
ORNcell_24h_ElavCD8GFP_P3_B16,17,NaN,Plate #3,1006286,0,0,9.682035
ORNcell_24h_ElavCD8GFP_P6_A96,18,NaN,Plate #4,721107,0,4.7657104,0
ORNcell_24h_ElavCD8GFP_P6_A245,18,NaN,Plate #2,1634632,0,0,6.92326
ORNcell_24h_ElavCD8GFP_P4_A377,18,NaN,Plate #4,1204581,0,0,2.3977084
ORNcell_24h_ElavCD8GFP_P4_A254,18,NaN,Plate #2,62759,0,0,8.474979
ORNcell_24h_ElavCD8GFP_P2_F6,18,NaN,Plate #7,1110757,0,0,3.3802924
ORNcell_24h_ElavCD8GFP_P3_B10,18,NaN,Plate #4,101424,0,0,0
ORNcell_24h_ElavCD8GFP_P2_B16,18,DM6,Plate #2,291229,0,0,10.3677025
ORNcell_24h_ElavCD8GFP_P5_A195,18,DA1,Plate #1,429179,0,0,11.932977
ORNcell_24h_ElavCD8GFP_P1_D9,18,NaN,Plate #6,1164980,0,0,0
ORNcell_24h_ElavCD8GFP_P1_B2,18,DM6,Plate #1,63971,0,0,0
ORNcell_24h_ElavCD8GFP_P5_A98,18,NaN,Plate #4,644334,0,0,9.479669
ORNcell_24h_ElavCD8GFP_P1_I7,18,DM6,Plate #1,248719,0,0,9.732849
ORNcell_24h_ElavCD8GFP_P4_A328,18,NaN,Plate #1,214758,0,0,7.0414004
ORNcell_24h_ElavCD8GFP_P2_I16,18,NaN,Plate #3,322351,0,0,6.9774485
ORNcell_24h_ElavCD8GFP_P7_A27,18,NaN,Plate #2,695891,0,0,3.2365277
ORNcell_24h_ElavCD8GFP_P3_N17,19,NaN,Plate #2,215712,0,0,6.8971324
ORNcell_24h_ElavCD8GFP_P1_D7,19,NaN,Plate #5,2325543,0,0,3.8746836
ORNcell_24h_ElavCD8GFP_P2_I21,19,NaN,Plate #2,221008,0,6.467086,11.007589
ORNcell_24h_ElavCD8GFP_P3_G10,19,NaN,Plate #1,109454,0,0,8.381277
ORNcell_24h_ElavCD8GFP_P5_A266,19,DM6,Plate #4,1264782,0,0,0
ORNcell_24h_ElavCD8GFP_P2_B11,19,NaN,Plate #1,1454430,0,2.2482393,12.310226
ORNcell_24h_ElavCD8GFP_P6_A273,19,NaN,Plate #3,207029,0,0,8.946636
ORNcell_24h_ElavCD8GFP_P2_N6,19,NaN,Plate #1,1459931,0,0,6.002922
ORNcell_24h_ElavCD8GFP_P3_C12,19,NaN,Plate #5,1088041,0,0,9.5059
ORNcell_24h_ElavCD8GFP_P7_A101,19,NaN,Plate #7,275429,0,0,6.996082
ORNcell_24h_ElavCD8GFP_P4_A338,19,NaN,Plate #2,1352484,0,0,0
ORNcell_24h_ElavCD8GFP_P1_L20,19,NaN,Plate #2,408636,0,0,8.031934
ORNcell_24h_ElavCD8GFP_P2_I9,19,NaN,Plate #5,1828347,0,0,10.113078
ORNcell_24h_ElavCD8GFP_P1_J13,19,NaN,Plate #4,841036,0,0,9.3551655
ORNcell_24h_ElavCD8GFP_P4_A146,19,NaN,Plate #2,555222,0,0,7.78122
ORNcell_24h_ElavCD8GFP_P1_A19,19,NaN,Plate #3,665485,0,0,0
ORNcell_24h_ElavCD8GFP_P1_B12,19,NaN,Plate #2,910052,0,0,10.221118
ORNcell_24h_ElavCD8GFP_P3_J1,20,VM5d/v,Plate #3,521862,0,0,11.30066
ORNcell_24h_ElavCD8GFP_P5_A147,20,VM5d/v,Plate #2,1331684,0,0,8.295332
ORNcell_24h_ElavCD8GFP_P1_A4,20,VM5d/v,Plate #4,305386,8.000901,0,7.8495235
ORNcell_24h_ElavCD8GFP_P2_M3,20,VM5d/v,Plate #7,795803,0,0,8.077457
ORNcell_24h_ElavCD8GFP_P7_A102,20,NaN,Plate #5,274253,0,0,5.632536
ORNcell_24h_ElavCD8GFP_P6_A301,20,VM5d/v,Plate #1,708157,0,0,0
ORNcell_24h_ElavCD8GFP_P2_F4,20,VM5d/v,Plate #3,726437,0,0,9.292961
ORNcell_24h_ElavCD8GFP_P4_A104,20,VM5d/v,Plate #2,85676,0,0,0
ORNcell_24h_ElavCD8GFP_P6_A355,20,VM5d/v,Plate #3,419809,0,0,0
ORNcell_24h_ElavCD8GFP_P2_B14,20,VM5d/v,Plate #2,290591,0,0,5.5148435
ORNcell_24h_ElavCD8GFP_P2_G3,20,VM5d/v,Plate #3,869531,1.9840158,0,0
ORNcell_24h_ElavCD8GFP_P2_D8,20,VM5d/v,Plate #1,614006,0,0,0
ORNcell_24h_ElavCD8GFP_P4_A294,20,VM5d/v,Plate #1,362850,0,0,0
ORNcell_24h_ElavCD8GFP_P7_A277,20,NaN,Plate #7,2109794,0,0,0
ORNcell_24h_ElavCD8GFP_P2_A18,20,VM5d/v,Plate #2,172131,0,0,12.097595
ORNcell_24h_ElavCD8GFP_P5_A26,20,VM5d/v,Plate #3,750773,0,0,11.112629
ORNcell_24h_ElavCD8GFP_P5_A154,20,NaN,Plate #6,1689653,0,0,0
ORNcell_24h_ElavCD8GFP_P1_B8,20,VM5d/v,Plate #7,781552,0,0,0
ORNcell_24h_ElavCD8GFP_P5_A229,20,NaN,Plate #2,129398,0,0,11.425142
ORNcell_24h_ElavCD8GFP_P2_C2,20,VM5d/v,Plate #3,302396,0,0,0
ORNcell_24h_ElavCD8GFP_P1_J10,20,NaN,Plate #1,371523,0,0,2.8329017
ORNcell_24h_ElavCD8GFP_P2_J12,20,NaN,Plate #1,319479,0,0,0
ORNcell_24h_ElavCD8GFP_P3_A24,20,VM5d/v,Plate #1,1248648,0,0,0
ORNcell_24h_ElavCD8GFP_P4_A372,20,VM5d/v,Plate #7,74853,0,0,6.359331
ORNcell_24h_ElavCD8GFP_P3_D13,20,VM5d/v,Plate #2,234211,0,0,12.076481
ORNcell_24h_ElavCD8GFP_P7_A346,20,VM5d/v,Plate #1,792499,0,4.734993,0
ORNcell_24h_ElavCD8GFP_P3_K1,20,VM5d/v,Plate #2,1639826,0,6.8616567,12.5100355
ORNcell_24h_ElavCD8GFP_P1_J24,20,VM5d/v,Plate #5,659587,0,0,0
ORNcell_24h_ElavCD8GFP_P1_O19,20,NaN,Plate #5,1628901,0,0,10.031987
ORNcell_24h_ElavCD8GFP_P2_F17,20,NaN,Plate #6,654729,0,0,6.62846
ORNcell_24h_ElavCD8GFP_P3_B23,20,NaN,Plate #1,403504,0,0,6.1316032
ORNcell_24h_ElavCD8GFP_P6_A270,20,NaN,Plate #7,1954036,0,0,0
ORNcell_24h_ElavCD8GFP_P2_F20,20,VM5d/v,Plate #2,1097501,0,0,8.853323
ORNcell_24h_ElavCD8GFP_P1_F17,20,VM5d/v,Plate #5,2062679,0,0,0
ORNcell_24h_ElavCD8GFP_P3_C10,20,VM5d/v,Plate #7,517666,0,0,1.6654253
ORNcell_24h_ElavCD8GFP_P1_J9,20,VM5d/v,Plate #4,585902,0,0,6.679601
ORNcell_24h_ElavCD8GFP_P5_A125,20,NaN,Plate #7,1153193,0,7.366096,10.2970705
ORNcell_24h_ElavCD8GFP_P2_F3,21,NaN,Plate #7,113815,0,0,0
ORNcell_24h_ElavCD8GFP_P4_A295,21,NaN,Plate #3,922741,0,0,11.476088
ORNcell_24h_ElavCD8GFP_P7_A219,21,NaN,Plate #5,553088,0,0,0
ORNcell_24h_ElavCD8GFP_P7_A26,21,NaN,Plate #6,1115348,0,0,10.0393095
ORNcell_24h_ElavCD8GFP_P4_A127,21,NaN,Plate #5,2468043,0,6.6970015,10.253407
ORNcell_24h_ElavCD8GFP_P3_C3,21,NaN,Plate #2,66597,0,0,0
ORNcell_24h_ElavCD8GFP_P4_A4,21,NaN,Plate #2,477456,0,0,6.6880546
ORNcell_24h_ElavCD8GFP_P3_E24,21,NaN,Plate #2,307510,0,0,6.543772
ORNcell_24h_ElavCD8GFP_P3_G19,21,NaN,Plate #2,184132,0,0,11.282999
ORNcell_24h_ElavCD8GFP_P2_D18,21,NaN,Plate #1,839532,0,0,7.742766
ORNcell_24h_ElavCD8GFP_P1_C7,21,NaN,Plate #3,975183,0,0,3.0887938
ORNcell_24h_ElavCD8GFP_P2_K15,21,NaN,Plate #1,1359577,0,0,9.607936
ORNcell_24h_ElavCD8GFP_P6_A220,21,NaN,Plate #2,199271,0,0,7.7339096
ORNcell_24h_ElavCD8GFP_P3_F18,21,NaN,Plate #1,221103,0,0,0
ORNcell_24h_ElavCD8GFP_P7_A235,21,NaN,Plate #4,2305445,0,0,0
ORNcell_24h_ElavCD8GFP_P4_A230,21,NaN,Plate #3,1822120,0,0,3.4144583
ORNcell_24h_ElavCD8GFP_P3_H12,21,NaN,Plate #2,207118,0,0,0
ORNcell_24h_ElavCD8GFP_P3_D2,21,NaN,Plate #3,1087078,0,0,5.3803606
ORNcell_24h_ElavCD8GFP_P6_A186,21,NaN,Plate #7,55867,0,0,0
ORNcell_24h_ElavCD8GFP_P2_B13,21,NaN,Plate #4,269045,0,0,9.694904
ORNcell_24h_ElavCD8GFP_P2_M7,21,NaN,Plate #2,408545,0,0,0
ORNcell_24h_ElavCD8GFP_P4_A259,21,NaN,Plate #2,178066,0,0,0
ORNcell_24h_ElavCD8GFP_P3_F3,22,NaN,Plate #7,677031,0,0,2.1782372
ORNcell_24h_ElavCD8GFP_P4_A192,22,V,Plate #2,330647,0,0,0
ORNcell_24h_ElavCD8GFP_P4_A262,22,NaN,Plate #3,1103249,0,9.537947,11.684229
ORNcell_24h_ElavCD8GFP_P2_I13,22,NaN,Plate #1,819326,0,0,0
ORNcell_24h_ElavCD8GFP_P4_A100,22,NaN,Plate #3,1111363,0,0,9.610733
ORNcell_24h_ElavCD8GFP_P4_A239,22,DM3,Plate #7,700522,0,0,11.718052
ORNcell_24h_ElavCD8GFP_P3_A23,22,NaN,Plate #1,1050210,0,0,0
ORNcell_24h_ElavCD8GFP_P2_E13,22,NaN,Plate #4,996093,0,0,12.187219
ORNcell_24h_ElavCD8GFP_P1_G23,22,NaN,Plate #4,1263748,0,0,0
ORNcell_24h_ElavCD8GFP_P4_A188,22,NaN,Plate #3,749462,0,0,0
ORNcell_24h_ElavCD8GFP_P1_I2,22,NaN,Plate #5,3224867,0,0,0
ORNcell_24h_ElavCD8GFP_P3_G5,22,NaN,Plate #3,656616,0,0,0
ORNcell_24h_ElavCD8GFP_P2_H11,22,NaN,Plate #1,1370702,0,0,0
ORNcell_24h_ElavCD8GFP_P3_G4,22,NaN,Plate #6,345933,0,9.387697,0
ORNcell_24h_ElavCD8GFP_P1_D8,22,NaN,Plate #1,630097,0,0,10.526078
ORNcell_24h_ElavCD8GFP_P2_L19,22,NaN,Plate #1,58180,0,0,7.195366
ORNcell_24h_ElavCD8GFP_P1_B6,22,NaN,Plate #2,1989169,0,0,5.999809
ORNcell_24h_ElavCD8GFP_P6_A331,22,NaN,Plate #7,799360,0,0,0
ORNcell_24h_ElavCD8GFP_P6_A378,22,NaN,Plate #2,300678,0,0,0
ORNcell_24h_ElavCD8GFP_P4_A57,22,NaN,Plate #1,270266,0,1.9609152,9.742124
ORNcell_24h_ElavCD8GFP_P5_A81,22,NaN,Plate #5,1513599,0,0,5.0896316
ORNcell_24h_ElavCD8GFP_P1_O1,22,NaN,Plate #7,152724,0,0,0
ORNcell_24h_ElavCD8GFP_P2_O8,22,NaN,Plate #4,762245,0,0,9.385895
ORNcell_24h_ElavCD8GFP_P3_I13,22,NaN,Plate #6,61568,0,0,0
ORNcell_24h_ElavCD8GFP_P2_I17,22,NaN,Plate #2,197780,0,4.750864,11.015604
ORNcell_24h_ElavCD8GFP_P3_J3,22,NaN,Plate #7,447610,0,0,8.855466
ORNcell_24h_ElavCD8GFP_P3_O22,22,NaN,Plate #5,380280,0,0,0
ORNcell_24h_ElavCD8GFP_P4_A86,22,NaN,Plate #3,487081,0,0,6.260886
ORNcell_24h_ElavCD8GFP_P7_A117,22,NaN,Plate #3,1111381,0,0,10.188305
ORNcell_24h_ElavCD8GFP_P2_O3,22,NaN,Plate #3,648217,0,0,8.765897
ORNcell_24h_ElavCD8GFP_P2_I22,22,NaN,Plate #6,877373,0,0,0
ORNcell_24h_ElavCD8GFP_P3_H8,22,NaN,Plate #4,1164943,0,0,0
ORNcell_24h_ElavCD8GFP_P2_M24,22,NaN,Plate #4,1269558,0,0,4.7099276
ORNcell_24h_ElavCD8GFP_P5_A289,22,NaN,Plate #1,671126,0,0,9.860439
ORNcell_24h_ElavCD8GFP_P2_G21,22,NaN,Plate #3,81794,0,0,0
ORNcell_24h_ElavCD8GFP_P2_N9,22,NaN,Plate #1,638702,0,0,8.142257
ORNcell_24h_ElavCD8GFP_P4_A60,22,NaN,Plate #3,920780,0,0,0
ORNcell_24h_ElavCD8GFP_P1_A12,22,NaN,Plate #1,674615,0,0,0
ORNcell_24h_ElavCD8GFP_P5_A272,22,NaN,Plate #4,1031254,0,0,0
ORNcell_24h_ElavCD8GFP_P6_A226,22,NaN,Plate #4,533913,0,0,0
ORNcell_24h_ElavCD8GFP_P2_J8,22,NaN,Plate #3,827953,0,0,10.4190235
ORNcell_24h_ElavCD8GFP_P3_J22,22,NaN,Plate #6,1589992,0,0,0
ORNcell_24h_ElavCD8GFP_P5_A313,22,NaN,Plate #6,780996,0,0,10.012416
ORNcell_24h_ElavCD8GFP_P4_A305,23,NaN,Plate #3,962218,0,0,0
ORNcell_24h_ElavCD8GFP_P4_A290,23,NaN,Plate #3,1392571,0,0,0
ORNcell_24h_ElavCD8GFP_P4_A103,23,NaN,Plate #3,210365,0,0,8.605217
ORNcell_24h_ElavCD8GFP_P2_B17,23,NaN,Plate #1,165690,0,0,0
ORNcell_24h_ElavCD8GFP_P2_O12,23,NaN,Plate #2,965260,0,0,6.607916
ORNcell_24h_ElavCD8GFP_P3_D11,23,NaN,Plate #4,1060399,0,0,3.1403098
ORNcell_24h_ElavCD8GFP_P1_C3,23,NaN,Plate #3,1106920,0,0,10.664182
ORNcell_24h_ElavCD8GFP_P4_A173,23,NaN,Plate #7,1243072,0,0,7.546583
ORNcell_24h_ElavCD8GFP_P4_A253,23,NaN,Plate #2,271489,0,0,7.093405
ORNcell_24h_ElavCD8GFP_P5_A296,23,NaN,Plate #2,242507,0,0,0
ORNcell_24h_ElavCD8GFP_P2_I24,23,NaN,Plate #2,67212,0,0,0
ORNcell_24h_ElavCD8GFP_P3_I18,23,NaN,Plate #2,389039,0,0,0
ORNcell_24h_ElavCD8GFP_P1_E8,24,NaN,Plate #4,482163,0,0,0
ORNcell_24h_ElavCD8GFP_P4_A343,24,NaN,Plate #1,573132,0,0,8.457871
ORNcell_24h_ElavCD8GFP_P2_L20,25,NaN,Plate #3,994612,0,0,0
ORNcell_24h_ElavCD8GFP_P4_A2,25,NaN,Plate #4,870005,0,0,7.4483275
ORNcell_24h_ElavCD8GFP_P1_G10,25,NaN,Plate #1,387368,0,0,0
ORNcell_24h_ElavCD8GFP_P6_A181,25,NaN,Plate #2,1170313,0,0,1.2049794
ORNcell_24h_ElavCD8GFP_P2_O6,25,NaN,Plate #2,2005817,0,0,0
ORNcell_24h_ElavCD8GFP_P6_A34,25,NaN,Plate #1,367213,0,0,0
ORNcell_24h_ElavCD8GFP_P2_L7,25,NaN,Plate #3,1104650,0,0,0
ORNcell_24h_ElavCD8GFP_P3_J16,25,NaN,Plate #1,648358,0,0,0
ORNcell_24h_ElavCD8GFP_P2_B1,25,NaN,Plate #3,1149968,0,0,0
ORNcell_24h_ElavCD8GFP_P1_H2,25,NaN,Plate #2,1209317,0,0,0
ORNcell_24h_ElavCD8GFP_P4_A363,25,NaN,Plate #1,193940,0,0,3.8788834
ORNcell_24h_ElavCD8GFP_P2_K2,25,NaN,Plate #2,347787,0,0,0
ORNcell_24h_ElavCD8GFP_P2_C1,25,NaN,Plate #7,905394,0,0,0
ORNcell_24h_ElavCD8GFP_P1_J1,25,NaN,Plate #4,272592,0,0,7.3762197
ORNcell_24h_ElavCD8GFP_P1_D20,25,NaN,Plate #4,1330937,0,0,9.144006
ORNcell_24h_ElavCD8GFP_P1_I5,26,NaN,Plate #3,1346642,0,0,8.813844
ORNcell_24h_ElavCD8GFP_P5_A248,26,NaN,Plate #4,1013388,0,0,0
ORNcell_24h_ElavCD8GFP_P6_A148,26,NaN,Plate #2,190927,0,0,0
ORNcell_24h_ElavCD8GFP_P1_A7,26,NaN,Plate #7,1488158,0,0,1.6222421
ORNcell_24h_ElavCD8GFP_P7_A247,26,NaN,Plate #1,1214795,11.085484,0,0
ORNcell_24h_ElavCD8GFP_P6_A319,26,NaN,Plate #1,190173,0,0,8.036467
ORNcell_24h_ElavCD8GFP_P7_A11,26,VL1,Plate #5,706028,0,0,0
ORNcell_24h_ElavCD8GFP_P3_C2,26,NaN,Plate #3,1062378,0,10.956949,10.617243
ORNcell_24h_ElavCD8GFP_P2_C23,26,NaN,Plate #6,1217800,11.9025755,0,0
ORNcell_24h_ElavCD8GFP_P6_A243,26,NaN,Plate #1,211091,0,0,0
ORNcell_24h_ElavCD8GFP_P6_A78,26,NaN,Plate #6,1185898,9.813838,0,0
ORNcell_24h_ElavCD8GFP_P6_A76,26,NaN,Plate #2,970725,0,0,0
ORNcell_24h_ElavCD8GFP_P5_A301,26,NaN,Plate #2,236830,0,0,0
ORNcell_24h_ElavCD8GFP_P7_A298,26,NaN,Plate #3,599455,0,0,0
ORNcell_24h_ElavCD8GFP_P4_A47,26,VL1,Plate #3,138829,0,0,9.2233925
ORNcell_24h_ElavCD8GFP_P7_A195,26,NaN,Plate #1,1726139,0,0,10.396125
ORNcell_24h_ElavCD8GFP_P7_A348,26,NaN,Plate #1,2004106,0,0,8.475673
ORNcell_24h_ElavCD8GFP_P3_C7,26,NaN,Plate #1,1365705,0,0,0
ORNcell_24h_ElavCD8GFP_P4_A326,26,NaN,Plate #1,1731907,0,0,0
ORNcell_24h_ElavCD8GFP_P6_A179,26,NaN,Plate #2,420946,0,0,0
ORNcell_24h_ElavCD8GFP_P6_A222,26,NaN,Plate #4,1137980,0,0,2.0881166
ORNcell_24h_ElavCD8GFP_P1_F14,26,NaN,Plate #1,1093131,0,0,0
ORNcell_24h_ElavCD8GFP_P2_E1,26,NaN,Plate #3,1467961,0,0,0.7007381
ORNcell_24h_ElavCD8GFP_P4_A353,26,VL1,Plate #7,1453990,0,0,0.9398748
ORNcell_24h_ElavCD8GFP_P2_B22,26,NaN,Plate #5,2728107,0,0,1.5484339
ORNcell_24h_ElavCD8GFP_P3_B18,26,VL1,Plate #4,920442,0,0,3.596226
ORNcell_24h_ElavCD8GFP_P4_A97,26,VL1,Plate #4,897699,0,0,0
ORNcell_24h_ElavCD8GFP_P3_H14,27,NaN,Plate #3,1250657,0,0,7.3303065
ORNcell_24h_ElavCD8GFP_P2_C8,27,NaN,Plate #2,310303,0,0,0
ORNcell_24h_ElavCD8GFP_P2_M17,27,NaN,Plate #1,876661,0,0,4.690452
ORNcell_24h_ElavCD8GFP_P6_A97,27,NaN,Plate #2,987719,0,0,0
ORNcell_24h_ElavCD8GFP_P5_A293,27,NaN,Plate #4,637436,0,7.2201295,12.985353
ORNcell_24h_ElavCD8GFP_P5_A146,27,NaN,Plate #1,1827896,0,0,10.295317
ORNcell_24h_ElavCD8GFP_P3_L6,27,NaN,Plate #1,451697,9.362593,0,0
ORNcell_24h_ElavCD8GFP_P1_G9,27,NaN,Plate #3,303248,9.572118,0,0
ORNcell_24h_ElavCD8GFP_P6_A204,27,NaN,Plate #4,81302,0,0,4.9690504
ORNcell_24h_ElavCD8GFP_P4_A128,27,NaN,Plate #2,171366,0,0,10.34176
ORNcell_24h_ElavCD8GFP_P5_A270,27,NaN,Plate #6,1793030,0,0,0
ORNcell_24h_ElavCD8GFP_P4_A208,27,NaN,Plate #3,994827,0,5.766332,8.761766
ORNcell_24h_ElavCD8GFP_P1_M21,27,NaN,Plate #1,662233,0,0,0
ORNcell_24h_ElavCD8GFP_P1_H23,27,NaN,Plate #4,968827,0,0,8.518995
ORNcell_24h_ElavCD8GFP_P2_D13,27,NaN,Plate #5,718652,0,7.798996,9.44992
ORNcell_24h_ElavCD8GFP_P2_I18,27,NaN,Plate #3,895902,0,0,0
ORNcell_24h_ElavCD8GFP_P1_P24,27,NaN,Plate #1,654219,0,0,0
ORNcell_24h_ElavCD8GFP_P2_N23,27,NaN,Plate #1,652854,0,0,0
ORNcell_24h_ElavCD8GFP_P7_A180,27,NaN,Plate #5,1812160,0,0,0
ORNcell_24h_ElavCD8GFP_P4_A318,27,NaN,Plate #7,135254,0,0,0
ORNcell_24h_ElavCD8GFP_P3_B24,27,NaN,Plate #5,1495624,0,0,7.9379635
ORNcell_24h_ElavCD8GFP_P7_A198,27,NaN,Plate #1,167696,0,0,7.878701
ORNcell_24h_ElavCD8GFP_P4_A8,27,NaN,Plate #3,682751,0,0,0
ORNcell_24h_ElavCD8GFP_P1_J4,27,NaN,Plate #4,482556,0,0,3.5229738
ORNcell_24h_ElavCD8GFP_P6_A287,27,NaN,Plate #4,949257,0,0,9.466549
ORNcell_24h_ElavCD8GFP_P3_G17,28,NaN,Plate #3,916450,0,0,3.7812808
ORNcell_24h_ElavCD8GFP_P4_A149,28,NaN,Plate #2,430402,0,0,0
ORNcell_24h_ElavCD8GFP_P2_K6,28,NaN,Plate #4,988542,0,0,0
ORNcell_24h_ElavCD8GFP_P2_J21,28,NaN,Plate #5,1833018,0,0,9.857515
ORNcell_24h_ElavCD8GFP_P1_D13,28,NaN,Plate #4,836564,0,0,10.304354
ORNcell_24h_ElavCD8GFP_P6_A205,28,NaN,Plate #2,128069,0,0,0
ORNcell_24h_ElavCD8GFP_P1_F11,28,NaN,Plate #2,107480,0,0,9.960441
ORNcell_24h_ElavCD8GFP_P3_P21,28,NaN,Plate #1,199313,0,0,9.762969
ORNcell_24h_ElavCD8GFP_P1_C2,28,NaN,Plate #1,811265,0,0,0
ORNcell_24h_ElavCD8GFP_P3_G8,28,NaN,Plate #1,1180809,0,0,10.649092
ORNcell_24h_ElavCD8GFP_P2_C18,28,NaN,Plate #5,146278,11.020339,0,9.245042
ORNcell_24h_ElavCD8GFP_P1_N4,28,NaN,Plate #5,2048499,0,1.5256231,10.578992
ORNcell_24h_ElavCD8GFP_P2_G4,28,NaN,Plate #7,600434,0,0,8.185022
ORNcell_24h_ElavCD8GFP_P3_F20,28,NaN,Plate #3,784714,0,0,0
ORNcell_24h_ElavCD8GFP_P2_H19,28,NaN,Plate #2,339977,0,0,0
ORNcell_24h_ElavCD8GFP_P7_A139,28,NaN,Plate #5,1573445,0,0,0
ORNcell_24h_ElavCD8GFP_P4_A118,28,NaN,Plate #5,1233492,0,0,0
ORNcell_24h_ElavCD8GFP_P4_A320,28,DP1l,Plate #2,273115,0,0,0
ORNcell_24h_ElavCD8GFP_P3_K3,28,NaN,Plate #7,109718,0,0,10.917429
ORNcell_24h_ElavCD8GFP_P2_P4,28,DM3,Plate #3,595361,0,0,8.814519
ORNcell_24h_ElavCD8GFP_P1_M12,28,NaN,Plate #4,533758,0,0,11.357564
ORNcell_24h_ElavCD8GFP_P5_A315,28,NaN,Plate #1,348462,0,0,5.572218
ORNcell_24h_ElavCD8GFP_P4_A42,28,NaN,Plate #5,1617810,0,0,0
ORNcell_24h_ElavCD8GFP_P5_A317,28,NaN,Plate #4,1252314,0,0,0
ORNcell_24h_ElavCD8GFP_P4_A275,28,NaN,Plate #2,158472,0,0,8.724466
ORNcell_24h_ElavCD8GFP_P3_M5,28,NaN,Plate #3,1290141,0,0,0
ORNcell_24h_ElavCD8GFP_P3_H5,28,NaN,Plate #1,2289787,0,0,11.079174
ORNcell_24h_ElavCD8GFP_P4_A316,28,NaN,Plate #2,301893,0,0,10.039429
ORNcell_24h_ElavCD8GFP_P3_K16,28,NaN,Plate #2,119633,0,10.407831,10.883084
ORNcell_24h_ElavCD8GFP_P2_J5,28,NaN,Plate #3,368322,0,0,11.278755
ORNcell_24h_ElavCD8GFP_P3_F13,28,NaN,Plate #2,482105,0,0,0
ORNcell_24h_ElavCD8GFP_P4_A263,28,NaN,Plate #6,1094282,0,0,6.3748837
ORNcell_24h_ElavCD8GFP_P1_N2,28,NaN,Plate #1,903359,0,0,0
ORNcell_24h_ElavCD8GFP_P2_A17,28,NaN,Plate #2,294156,0,0,10.124356
ORNcell_24h_ElavCD8GFP_P1_F18,28,NaN,Plate #3,796062,0,0,0
ORNcell_24h_ElavCD8GFP_P1_B1,28,NaN,Plate #3,789620,0,0,6.42823
ORNcell_24h_ElavCD8GFP_P4_A374,28,NaN,Plate #2,1053186,0,0,0
ORNcell_24h_ElavCD8GFP_P2_I11,29,NaN,Plate #4,1036954,0,0,5.4014077
ORNcell_24h_ElavCD8GFP_P7_A256,29,DP1l,Plate #4,725067,0,0,0
ORNcell_24h_ElavCD8GFP_P6_A187,29,VL2a,Plate #1,1323099,0,0,0
ORNcell_24h_ElavCD8GFP_P7_A31,29,NaN,Plate #4,932119,0,0,0
ORNcell_24h_ElavCD8GFP_P4_A368,29,VL2a,Plate #1,575302,0,0,0
ORNcell_24h_ElavCD8GFP_P4_A25,29,VL2a,Plate #6,1459960,12.15291,0,0
ORNcell_24h_ElavCD8GFP_P1_P8,29,NaN,Plate #7,380797,0,0,0
ORNcell_24h_ElavCD8GFP_P2_M9,29,VC3,Plate #6,447830,0,0,10.594116
ORNcell_24h_ElavCD8GFP_P2_A21,29,DP1l,Plate #3,739120,0,0,0
ORNcell_24h_ElavCD8GFP_P1_B9,29,DP1l,Plate #6,1243704,0,0,0
ORNcell_24h_ElavCD8GFP_P2_D15,29,DP1l,Plate #4,1668405,0,0,6.271401
ORNcell_24h_ElavCD8GFP_P4_A141,29,NaN,Plate #7,1195448,0,0,8.3993435
ORNcell_24h_ElavCD8GFP_P4_A317,30,NaN,Plate #6,1385687,0,0,9.198284
ORNcell_24h_ElavCD8GFP_P3_J18,30,NaN,Plate #1,375873,0,0,0
ORNcell_24h_ElavCD8GFP_P7_A78,30,NaN,Plate #5,1481201,0,0,0
ORNcell_24h_ElavCD8GFP_P3_L5,30,NaN,Plate #1,665501,0,0,1.6706965
ORNcell_24h_ElavCD8GFP_P7_A20,30,NaN,Plate #3,410930,0,10.684645,9.557695
ORNcell_24h_ElavCD8GFP_P4_A35,30,NaN,Plate #1,1777829,0,4.084888,8.854807
ORNcell_24h_ElavCD8GFP_P3_G12,30,NaN,Plate #4,1135653,0,0,9.304082
ORNcell_24h_ElavCD8GFP_P3_F16,30,NaN,Plate #4,991271,0,0,0
ORNcell_24h_ElavCD8GFP_P6_A169,30,NaN,Plate #7,244490,0,0,0
ORNcell_24h_ElavCD8GFP_P2_I8,30,DP1l,Plate #1,732893,0,0,0
ORNcell_24h_ElavCD8GFP_P2_E12,30,NaN,Plate #2,1204368,0,0,8.45597
ORNcell_24h_ElavCD8GFP_P3_D5,30,VL1,Plate #5,1691919,0,0,0
ORNcell_24h_ElavCD8GFP_P3_G13,30,NaN,Plate #1,846272,0,0,0
ORNcell_24h_ElavCD8GFP_P7_A299,30,NaN,Plate #2,636271,0,0,10.781585
ORNcell_24h_ElavCD8GFP_P7_A53,30,NaN,Plate #3,756888,0,0,0
ORNcell_24h_ElavCD8GFP_P1_C18,30,NaN,Plate #3,844281,0,0,9.757683
ORNcell_24h_ElavCD8GFP_P1_O13,30,NaN,Plate #2,1692645,0,0,11.491407
ORNcell_24h_ElavCD8GFP_P4_A212,30,NaN,Plate #1,967098,0,0,0
ORNcell_24h_ElavCD8GFP_P5_A230,30,NaN,Plate #2,167957,0,0,0
ORNcell_24h_ElavCD8GFP_P3_J8,30,NaN,Plate #7,824361,0,0,0
ORNcell_24h_ElavCD8GFP_P1_M13,30,NaN,Plate #5,805675,10.231763,0,0
ORNcell_24h_ElavCD8GFP_P1_I11,30,NaN,Plate #1,122254,0,0,10.186662
ORNcell_24h_ElavCD8GFP_P4_A80,31,NaN,Plate #1,267124,0,0,10.369766
ORNcell_24h_ElavCD8GFP_P3_G6,31,NaN,Plate #3,211060,0,6.4098716,0
ORNcell_24h_ElavCD8GFP_P1_C21,31,DP1l,Plate #2,197109,0,0,0
ORNcell_24h_ElavCD8GFP_P1_N1,31,NaN,Plate #2,200680,0,0,5.096939
ORNcell_24h_ElavCD8GFP_P1_G24,31,NaN,Plate #5,1924144,0,0,10.11618
ORNcell_24h_ElavCD8GFP_P4_A182,31,NaN,Plate #3,1025001,0,0,4.6294985
ORNcell_24h_ElavCD8GFP_P3_H18,32,NaN,Plate #2,226282,0,0,11.529732
ORNcell_24h_ElavCD8GFP_P3_D4,32,NaN,Plate #4,1094248,0,0,8.4007635
ORNcell_24h_ElavCD8GFP_P4_A303,32,DM6,Plate #1,955600,0,0,0
ORNcell_24h_ElavCD8GFP_P1_C22,32,NaN,Plate #3,552721,0,0,9.529213
ORNcell_24h_ElavCD8GFP_P3_B12,32,NaN,Plate #1,1504710,0,9.231066,10.722684
ORNcell_24h_ElavCD8GFP_P1_D11,32,NaN,Plate #4,617833,0,0,0
ORNcell_24h_ElavCD8GFP_P4_A176,32,NaN,Plate #3,1302077,0,0,11.26429
ORNcell_24h_ElavCD8GFP_P2_O10,32,NaN,Plate #6,1345080,0,0,0.930993
ORNcell_24h_ElavCD8GFP_P5_A271,32,VM5d/v,Plate #5,3009853,0,2.2080064,8.128087
ORNcell_24h_ElavCD8GFP_P3_K23,32,NaN,Plate #3,1088722,0,0,11.425926
ORNcell_24h_ElavCD8GFP_P4_A9,32,VM5d/v,Plate #4,1336016,0,0,8.473573
ORNcell_24h_ElavCD8GFP_P2_I20,32,NaN,Plate #3,1302129,0,0,10.619903
ORNcell_24h_ElavCD8GFP_P4_A235,32,NaN,Plate #1,1387815,0,0,5.7381334
ORNcell_24h_ElavCD8GFP_P4_A309,32,NaN,Plate #2,482909,0,0,4.6757684
ORNcell_24h_ElavCD8GFP_P2_C7,32,NaN,Plate #1,989389,0,0,10.604292
ORNcell_24h_ElavCD8GFP_P2_D7,32,NaN,Plate #4,372371,0,0,2.237203
ORNcell_24h_ElavCD8GFP_P3_I24,32,VM5d/v,Plate #1,296253,0,0,1.0504361
ORNcell_24h_ElavCD8GFP_P7_A75,32,NaN,Plate #3,896726,0,0,0
ORNcell_24h_ElavCD8GFP_P1_M11,32,NaN,Plate #7,1267238,0,9.149839,0
ORNcell_24h_ElavCD8GFP_P2_J16,32,NaN,Plate #4,682147,0,0,0
ORNcell_24h_ElavCD8GFP_P4_A163,32,DM6,Plate #2,1520649,0,0,2.9015746
ORNcell_24h_ElavCD8GFP_P5_A316,32,NaN,Plate #3,373719,0,0,10.256064
ORNcell_24h_ElavCD8GFP_P1_E7,32,NaN,Plate #1,702195,0,0,8.801719
ORNcell_24h_ElavCD8GFP_P1_B3,32,NaN,Plate #3,880508,0,0,0
ORNcell_24h_ElavCD8GFP_P2_B4,32,DM6,Plate #6,965932,0,0,0
ORNcell_24h_ElavCD8GFP_P4_A256,32,NaN,Plate #6,1009419,0,0,0
ORNcell_24h_ElavCD8GFP_P4_A245,32,NaN,Plate #6,1678392,0,0,0
ORNcell_24h_ElavCD8GFP_P6_A177,32,VM5d/v,Plate #1,290386,0,0,7.9052963
ORNcell_24h_ElavCD8GFP_P5_A273,32,NaN,Plate #3,169798,0,0,8.343858
ORNcell_24h_ElavCD8GFP_P1_P3,32,NaN,Plate #3,1187165,0,0,0
ORNcell_24h_ElavCD8GFP_P2_D21,32,VM5d/v,Plate #2,550268,0,0,0
ORNcell_24h_ElavCD8GFP_P3_F5,32,NaN,Plate #4,1026536,0,0,0
ORNcell_24h_ElavCD8GFP_P5_A152,32,NaN,Plate #2,464493,0,0,0
ORNcell_24h_ElavCD8GFP_P4_A258,32,NaN,Plate #7,89085,0,0,7.6250296
ORNcell_24h_ElavCD8GFP_P3_I14,32,NaN,Plate #3,853942,0,0,6.8963485
ORNcell_24h_ElavCD8GFP_P2_J10,32,NaN,Plate #3,170850,0,0,6.973207
ORNcell_24h_ElavCD8GFP_P4_A218,32,VM5d/v,Plate #2,55776,0,0,2.791713
ORNcell_24h_ElavCD8GFP_P6_A233,33,NaN,Plate #4,144821,0,0,0
ORNcell_24h_ElavCD8GFP_P5_A361,33,NaN,Plate #2,1988218,0,0,7.883365
ORNcell_24h_ElavCD8GFP_P7_A341,33,NaN,Plate #3,957497,0,0,6.982584
ORNcell_24h_ElavCD8GFP_P6_A68,33,NaN,Plate #4,321693,0,0,2.691404
ORNcell_24h_ElavCD8GFP_P7_A68,33,NaN,Plate #7,1062301,0,0,7.9888463
ORNcell_24h_ElavCD8GFP_P2_A19,33,VC3,Plate #1,444214,0,0,1.8718126
ORNcell_24h_ElavCD8GFP_P3_M7,33,V,Plate #3,660487,0,0,7.516449
ORNcell_24h_ElavCD8GFP_P1_C10,33,NaN,Plate #6,494541,0,0,8.151979
ORNcell_24h_ElavCD8GFP_P4_A360,33,VC3,Plate #2,307463,0,0,0
ORNcell_24h_ElavCD8GFP_P7_A284,33,NaN,Plate #3,1014482,0,0,0
ORNcell_24h_ElavCD8GFP_P1_D10,33,NaN,Plate #4,451048,0,0,0
ORNcell_24h_ElavCD8GFP_P1_E18,33,VC3,Plate #4,1144929,0,4.0049396,10.241278
ORNcell_24h_ElavCD8GFP_P4_A322,33,VC3,Plate #4,603305,0,0,0
ORNcell_24h_ElavCD8GFP_P7_A172,33,NaN,Plate #2,226285,0,0,0
ORNcell_24h_ElavCD8GFP_P7_A248,33,VL1,Plate #6,320189,0,0,8.637094
ORNcell_24h_ElavCD8GFP_P2_H18,33,VC3,Plate #7,416573,0,0,0
ORNcell_24h_ElavCD8GFP_P2_F10,33,NaN,Plate #2,1168594,0,0,0
ORNcell_24h_ElavCD8GFP_P7_A187,33,NaN,Plate #1,173862,0,0,9.905725
ORNcell_24h_ElavCD8GFP_P7_A93,33,VL1,Plate #2,523334,0,0,0
ORNcell_24h_ElavCD8GFP_P7_A43,33,NaN,Plate #1,2031875,0,0,0
ORNcell_24h_ElavCD8GFP_P2_E16,33,VC3,Plate #6,563551,0,0,7.7195396
ORNcell_24h_ElavCD8GFP_P3_E15,33,NaN,Plate #2,298612,0,0,3.0834157
ORNcell_24h_ElavCD8GFP_P3_E9,33,VC3,Plate #7,1479570,0,0,0
ORNcell_24h_ElavCD8GFP_P7_A196,33,NaN,Plate #7,1965159,0,0,0
ORNcell_24h_ElavCD8GFP_P5_A77,33,NaN,Plate #6,1144893,0,0,0.990655
ORNcell_24h_ElavCD8GFP_P6_A373,33,VL1,Plate #3,174118,0,0,0
ORNcell_24h_ElavCD8GFP_P1_L19,33,VL1,Plate #4,1359979,0,0,5.7437224
ORNcell_24h_ElavCD8GFP_P3_P19,33,NaN,Plate #1,772459,0,0,0
ORNcell_24h_ElavCD8GFP_P4_A366,33,NaN,Plate #3,677507,0,0,0
ORNcell_24h_ElavCD8GFP_P2_E18,33,NaN,Plate #3,1465998,0,0,0
ORNcell_24h_ElavCD8GFP_P1_O8,33,NaN,Plate #2,72700,0,0,3.3284857
ORNcell_24h_ElavCD8GFP_P6_A12,33,VL1,Plate #3,1240035,0,0,0
ORNcell_24h_ElavCD8GFP_P3_H19,34,NaN,Plate #1,300326,0,0,7.314383
ORNcell_24h_ElavCD8GFP_P3_B21,34,NaN,Plate #2,93558,0,0,2.9078228
ORNcell_24h_ElavCD8GFP_P1_H10,34,NaN,Plate #3,1202868,0,0,9.016773
ORNcell_24h_ElavCD8GFP_P1_M7,34,NaN,Plate #6,906155,0,0,10.693096
ORNcell_24h_ElavCD8GFP_P4_A270,34,NaN,Plate #7,375951,0,0,0
ORNcell_24h_ElavCD8GFP_P2_H12,34,NaN,Plate #1,200020,0,0,0
ORNcell_24h_ElavCD8GFP_P3_I5,34,NaN,Plate #4,430782,0,0,0
ORNcell_24h_ElavCD8GFP_P1_B7,34,NaN,Plate #2,124486,0,0,0
ORNcell_24h_ElavCD8GFP_P4_A94,34,NaN,Plate #3,347216,0,0,7.327031
ORNcell_24h_ElavCD8GFP_P1_M10,34,DM6,Plate #5,1829392,0,0,0
ORNcell_24h_ElavCD8GFP_P1_O12,34,NaN,Plate #6,1081849,0,4.8600945,11.862219
ORNcell_24h_ElavCD8GFP_P2_G11,34,DM6,Plate #3,1306110,0,0,0
ORNcell_24h_ElavCD8GFP_P5_A2,34,DM6,Plate #2,571060,0,0,0
ORNcell_24h_ElavCD8GFP_P4_A158,34,NaN,Plate #7,1308183,0,0,0
ORNcell_24h_ElavCD8GFP_P3_A19,34,NaN,Plate #2,761653,0,0,0
ORNcell_24h_ElavCD8GFP_P2_M8,34,DM6,Plate #2,483597,0,0,9.861087
ORNcell_24h_ElavCD8GFP_P3_L2,34,NaN,Plate #3,502420,0,6.037097,3.5580027
ORNcell_24h_ElavCD8GFP_P7_A251,34,NaN,Plate #4,718447,0,0,9.651091
ORNcell_24h_ElavCD8GFP_P3_D16,34,NaN,Plate #2,896245,0,0,0
ORNcell_24h_ElavCD8GFP_P2_F1,34,NaN,Plate #6,2128667,0,0,5.7842793
ORNcell_24h_ElavCD8GFP_P4_A330,34,NaN,Plate #7,850822,0,0,4.557689
ORNcell_24h_ElavCD8GFP_P2_H13,34,NaN,Plate #5,2784453,0,0,4.69081
ORNcell_24h_ElavCD8GFP_P1_A18,34,NaN,Plate #4,2334044,0,0,0
ORNcell_24h_ElavCD8GFP_P5_A292,34,DM6,Plate #1,303658,0,0,5.7637496
ORNcell_24h_ElavCD8GFP_P5_A364,34,NaN,Plate #1,560377,0,0,7.94213
ORNcell_24h_ElavCD8GFP_P3_J4,34,NaN,Plate #4,1258711,0,0,0
ORNcell_24h_ElavCD8GFP_P3_M15,34,NaN,Plate #7,159083,0,0,0
ORNcell_24h_ElavCD8GFP_P1_J17,34,DL3,Plate #3,1224777,0,0,0
ORNcell_24h_ElavCD8GFP_P2_H10,34,NaN,Plate #2,187312,0,0,8.650732
ORNcell_24h_ElavCD8GFP_P3_K5,34,NaN,Plate #1,849369,0,0,8.802669
ORNcell_24h_ElavCD8GFP_P4_A345,34,NaN,Plate #4,586159,0,0,0
ORNcell_24h_ElavCD8GFP_P2_J6,34,NaN,Plate #1,412702,1.6639826,0,10.495174
ORNcell_24h_ElavCD8GFP_P1_M15,35,NaN,Plate #7,791535,0,0,6.458006
ORNcell_24h_ElavCD8GFP_P1_I6,35,DM6,Plate #1,349264,0,0,8.907426
ORNcell_24h_ElavCD8GFP_P3_D1,35,NaN,Plate #4,543401,0,0,9.153495
ORNcell_24h_ElavCD8GFP_P3_E21,35,NaN,Plate #3,581193,0,0,12.707329
ORNcell_24h_ElavCD8GFP_P2_B20,35,NaN,Plate #2,117988,0,0,10.687666
ORNcell_24h_ElavCD8GFP_P4_A209,35,NaN,Plate #3,1499444,0,0,9.01712
ORNcell_24h_ElavCD8GFP_P7_A210,35,NaN,Plate #6,933251,0,0,6.973171
ORNcell_24h_ElavCD8GFP_P6_A54,35,NaN,Plate #1,483344,0,0,9.500412
ORNcell_24h_ElavCD8GFP_P4_A265,35,NaN,Plate #3,269192,0,0,9.913192
ORNcell_24h_ElavCD8GFP_P4_A190,35,NaN,Plate #4,71297,10.362961,0,0
ORNcell_24h_ElavCD8GFP_P3_F14,35,NaN,Plate #6,591280,0,0,5.9283056
ORNcell_24h_ElavCD8GFP_P1_B19,35,NaN,Plate #6,1102644,0,0,7.0923467
ORNcell_24h_ElavCD8GFP_P2_N7,35,NaN,Plate #1,989433,0,0,0
ORNcell_24h_ElavCD8GFP_P1_J12,35,DM6,Plate #3,921892,0,0,10.383043
ORNcell_24h_ElavCD8GFP_P2_C13,35,NaN,Plate #4,627384,0,0,0
ORNcell_24h_ElavCD8GFP_P5_A12,35,DM6,Plate #4,1024961,0,0,0
ORNcell_24h_ElavCD8GFP_P1_E11,35,NaN,Plate #6,1585526,0,0,8.875649
ORNcell_24h_ElavCD8GFP_P2_K11,35,NaN,Plate #1,637563,0,0,0
ORNcell_24h_ElavCD8GFP_P5_A103,35,NaN,Plate #2,455123,0,0,8.209454
ORNcell_24h_ElavCD8GFP_P2_O1,35,NaN,Plate #3,422191,0,0,0
ORNcell_24h_ElavCD8GFP_P5_A50,35,DM6,Plate #2,51812,0,8.9872055,2.3064349
ORNcell_24h_ElavCD8GFP_P2_H23,35,NaN,Plate #1,75666,0,0,0
ORNcell_24h_ElavCD8GFP_P7_A118,35,NaN,Plate #1,796759,0,0,7.2560806
ORNcell_24h_ElavCD8GFP_P4_A308,35,DM6,Plate #1,2777801,0,0,0
ORNcell_24h_ElavCD8GFP_P3_F2,35,NaN,Plate #4,888948,0,0,3.307533
ORNcell_24h_ElavCD8GFP_P4_A222,35,NaN,Plate #6,1396453,0,0,10.654179
ORNcell_24h_ElavCD8GFP_P5_A341,35,DM3,Plate #2,1322018,0,0,3.1388164
ORNcell_24h_ElavCD8GFP_P3_N20,35,NaN,Plate #7,180523,0,0,0
ORNcell_24h_ElavCD8GFP_P2_E6,35,NaN,Plate #4,345713,0,0,5.8704123